Workbook

Sheet Planilha1
E4: MPS - AG PECAS
E5: MPS - AG LOCOMOCAO
E6: MPS - AG LAVADOR
E7: MPS - AG LUBRIFICACAO
E8: MPNS - AG BORRACHARIA
E9: MPNS - AG MAU TEMPO
E10: MPS - AG LIBERACAO DE ACESSO
E11: MPS - AG BORRACHARIA
E12: MPS - AG RECURSO/FERRAMENTAL
E13: MPNS - AG AVALIACAO
E14: MPNS - AG LOCOMOCAO
E15: MPS - AG RADIO/DESPACHO/CAMERA
... E25: MPS - AG ABASTECIMENTO

Sheet Planilha2
A1: EXPURGO Mãe | B1: (Vários itens)
A3: Rótulos de Linha | B3: Soma de Expurgo Total
A4: CA1014KS101 | B4: 232.21877
A5: CA1014KS102 | B5: 3269.2511
A6: CA1014KS103 | B6: 190.05834
A7: CA1014KS104 | B7: 238.04251
A8: Total Geral | B8: 3929.5707

Sheet LISTAS_APOIO
B1: Build up | D1: Perfil de perdas | E1: Build Up Corretiva | F1: Build Up Preventia | G1: Expurgo | I1: COD DESPACHO | K1: SISTEMA - HISTÓRICO | L1: PERFIL | N1: EXPURGO - FILHAS | P1: SIM / NÃO | R1: 0 / 1 | T1: TIPO PM | V1: MTBF.PÓS.PM - DATA
B2: Acessórios | D2: ACIDENTE | E2: Acidente operacional | F2: Acidente operacional | G2: SIM | I2: MPS - Hora Manutenção Preventiva Sistemática | K2: INSPEÇÃO | L2: INSPEÇÃO SENSITIVA | N2: MPS - AG PECAS | P2: SIM | R2: 0 | T2: 250 | V2: SEM OCORRENCIA
B3: Acidente operacional | D3: AR CONDICIONADO | E3: Corretivas | F3: Reparo Programado | G3: NÃO | I3: HMC - Hora de Manutenção Corretiva | K3: ELETRICO | L3: ELETRICO | N3: MPS - AG LOCOMOCAO | P3: NÃO | R3: 1 | T3: 500
B4: Corretivas | D4: AUTOMAÇÃO | E4: Acessórios | F4: Acessórios | G4: SIM | I4: MPNS - Hora Manutenção Preventiva não Sistemática | K4: DIRECAO | L4: DIRECAO | N4: MPS - AG LAVADOR | T4: 1000
B5: Inspeção | D5: BACKLOGS | F5: Reparo Programado | G5: NÃO | I5: HAC - Hora Acidente | K5: LOCOMOCAO | L5: LOCOMOÇÃO | N5: MPS - AG LUBRIFICACAO | T5: 1500
B6: Man. Pneus | D6: CAS | E6: Acessórios | F6: Acessórios | G6: SIM | K6: INSPEÇÃO DE PNEUS | L6: INSPEÇÃO DE PNEUS | N6: MPNS - AG BORRACHARIA | T6: 2000
B7: Preventivas | D7: COMBATE INCENDIO | E7: Acessórios | F7: Acessórios | G7: SIM | K7: REVISÃO DE 1000H | L7: REVISÃO PREVENTIVA | N7: MPNS - AG MAU TEMPO | T7: 2500
B8: Reparo Programado | D8: COMUNICACAO | E8: Acessórios | F8: Acessórios | G8: SIM | K8: REVISÃO DE 500H | L8: REVISÃO PREVENTIVA | N8: MPS - AG LIBERACAO DE ACESSO | T8: 3000
B9: Componente (Major e Minor) | D9: COMANDO FINAL | E9: Corretivas | F9: Reparo Programado | G9: NÃO | K9: ERRO DE APROPRIAÇÃO DE CÓDIGO | L9: ERRO DE APROPRIAÇÃO DE CÓDIGO | N9: MPS - AG BORRACHARIA | T9: 3500
D10: DESPACHO | E10: Corretivas | F10: Reparo Programado | G10: NÃO | K10: REVISÃO DE 250H | L10: REVISÃO PREVENTIVA | N10: HMC - AG RECURSO/FERRAMENTAL | T10: 4000
B11: - | D11: DIRECAO | E11: Corretivas | F11: Reparo Programado | G11: NÃO | K11: DESPACHO | L11: DESPACHO | N11: MPNS - AG RECURSO/FERRAMENTAL | T11: 4500
D12: ELETRICO | E12: Corretivas | F12: Reparo Programado | G12: NÃO | K12: ELEVACAO | L12: ELEVAÇÃO | N12: MPS - AG RECURSO/FERRAMENTAL | T12: 5000
D13: ELEVAÇÃO | E13: Corretivas | F13: Reparo Programado | G13: NÃO | K13: SISTEMA AFEX | L13: COMBATE INCENDIO | N13: HMC - AG MAU TEMPO | T13: 5500
D14: ERRO DE APROPRIAÇÃO DE CÓDIGO | E14: Acessórios | F14: Acessórios | G14: SIM | K14: MOTOR DE COMBUSTAO | L14: MOTOR DE COMBUSTÃO | N14: HMC - AG LOCOMOCAO | T14: 6000
D15: ESTRUTURA | E15: Corretivas | F15: Reparo Programado | G15: NÃO | K15: RADIO VOZ | L15: COMUNICACAO | N15: MPNS - AG AVALIACAO | T15: 6500
D16: INSPEÇÃO DE PNEUS | E16: Acessórios | F16: Acessórios | G16: SIM | K16: AR CONDICIONADO | L16: AR CONDICIONADO | N16: MPNS - AG DETONACAO | T16: 7000
D17: INSPEÇÃO SENSITIVA | E17: Inspeção | F17: Inspeção | G17: NÃO | K17: PROPULSAO E RETARDO | L17: PROPULSAO E RETARDO | N17: MPS - AG DETONACAO | T17: 7500
D18: INSPEÇÃO VALE | E18: Acessórios | F18: Acessórios | G18: SIM | K18: SEM INFORMAÇÃO DA OPERAÇÃO | L18: SEM INFORMAÇÃO DA OPERAÇÃO | N18: HMC - AG DETONACAO | T18: 8000
D19: BORRACHARIA | E19: Man. Pneus | F19: Man. Pneus | G19: NÃO | K19: SISTEMA MONIT. DE PNEUS | L19: MONI. PNEUS | N19: HMC - AG LIBERACAO DE ACESSO | T19: 50F
D20: LUBRIFICAÇÃO CENTRALIZADA | E20: Corretivas | F20: Reparo Programado | G20: NÃO | K20: REVISÃO DE 1500H | L20: REVISÃO PREVENTIVA | N20: MPS - AG ATENDIMENTO | T20: 250F
D21: MOTOR DE COMBUSTÃO | E21: Corretivas | F21: Reparo Programado | G21: NÃO | K21: ESTRUTURA | L21: ESTRUTURA | N21: HMC - AG ATENDIMENTO | T21: PM+MIDLIFE
D22: MONI. PNEUS | E22: Acessórios | F22: Acessórios | G22: SIM | K22: SUSPENSAO | L22: SUSPENSÃO | N22: MPS - AG MANUT
D23: PM AUTOMAÇÃO | E23: Acessórios | F23: Acessórios | G23: SIM | K23: PIT STOP | L23: REVISÃO PREVENTIVA | N23: MPNS - AG LOCOMOCAO
D24: PROPULSAO E RETARDO | E24: Corretivas | F24: Reparo Programado | G24: NÃO | K24: REVISÃO DE 2000H | L24: REVISÃO PREVENTIVA | N24: MPS - AG RADIO/DESPACHO/CAMERA
D25: REVISÃO PREVENTIVA | E25: Preventivas | F25: Preventivas | G25: NÃO | K25: REVISÃO DE 2500H | L25: REVISÃO PREVENTIVA | N25: MPNS - AG GARANTIA / ASSIST TECNICA
D26: TKPH | E26: Corretivas | F26: Reparo Programado | G26: NÃO | K26: REVISÃO DE 3000H | L26: REVISÃO PREVENTIVA | N26: MPNS - AG LUBRIFICACAO
D27: SEM INFORMAÇÃO DA OPERAÇÃO | E27: Acessórios | F27: Acessórios | G27: SIM | K27: CAS | L27: CAS | N27: HMC - AG LUBRIFICACAO
D28: SISTEMA ALERTA DE FADIGA | E28: Acessórios | F28: Acessórios | G28: SIM | K28: FRENAGEM | L28: SISTEMA DE FREIO | N28: MPNS - AG LIBERACAO DE ACESSO
D29: SISTEMA DE FREIO | E29: Corretivas | F29: Reparo Programado | G29: NÃO | K29: LUBRIFICACAO CENTRALIZADA | L29: LUBRIFICAÇÃO CENTRALIZADA | N29: MPNS - AG PECAS
D30: SUSPENSÃO | E30: Corretivas | F30: Reparo Programado | G30: NÃO | K30: CFTV | L30: ELETRICO | N30: MPS - AG MAU TEMPO
D31: ARREFECIMENTO | E31: Corretivas | F31: Reparo Programado | G31: NÃO | K31: REVISÃO DE 3500H | L31: REVISÃO PREVENTIVA | N31: HMC - AG PECAS
D32: PRODUTO/CORRETIVA CAT | E32: Produto/Corretiva Cat | G32: NÃO | K32: REVISÃO DE 4000H | L32: REVISÃO PREVENTIVA | N32: HMC - AG BOX
D33: AUTONOMO TRANSPORTE | E33: Acessórios | F33: Acessórios | G33: SIM | K33: SISTEMA ALERTA DE FADIGA | L33: SISTEMA ALERTA DE FADIGA | N33: MPS - AG BOX
D34: KING PIN | E34: Corretivas | F34: Componente (Major e Minor) | G34: NÃO | K34: COMANDO FINAL | L34: COMANDO FINAL | N34: HAC - AG MANUT ACIDENTE
D35: CUBO DE RODA | E35: Corretivas | F35: Componente (Major e Minor) | K35: ACIDENTE | L35: ACIDENTE | N35: HMC - AG LAVADOR
D36: EIXO TRASEIRO | E36: Corretivas | F36: Reparo Programado | G36: NÃO | K36: ARREFECIMENTO | L36: ARREFECIMENTO | N36: HMC - AG APROVACAO
D37: EIXO DIANTEIRO | E37: Corretivas | F37: Reparo Programado | G37: NÃO | K37: AUTONOMO TRANSPORTE | L37: AUTONOMO TRANSPORTE | N37: MPS - AG APROVACAO
D38: MOTOR DE TRAÇÃO | E38: Componente (Major e Minor) | F38: Componente (Major e Minor) | G38: NÃO | L38: MOTOR DE TRAÇÃO | N38: HMC - AG CONDICAO SEGURA
D39: GERADOR | E39: Componente (Major e Minor) | F39: Componente (Major e Minor) | G39: NÃO | L39: GERADOR | N39: MPNS - AG CONDICAO SEGURA
D40: CILINDRO DE ELEVAÇÃO | K40: EIXO TRASEIRO | L40: EIXO TRASEIRO | N40: MPS - AG CONDICAO SEGURA
D41: CILINDRO DE DIREÇÃO | G41: NÃO | L41: EIXO DIANTEIRO | N41: MPS - AG MAO DE OBRA
D42: PREVENTIVA - MIDLIFE | E42: Preventivas | F42: Preventivas | G42: NÃO | L42: KING PIN | N42: HMC - AG OPERACAO
D43: NÃO IDENTIFICADO FALHA | E43: Acidente operacional | F43: Acidente operacional | G43: SIM | L43: CUBO DE RODA | N43: MPNS - AG OPERACAO
D44: Radio Voz | E44: Acessórios | F44: Acessórios | G44: SIM | L44: CILINDRO DE DIREÇÃO | N44: MPS - AG OPERACAO
D45: HIDRAULICO | E45: Corretivas | F45: Reparo Programado | G45: NÃO | L45: CILINDRO DE ELEVAÇÃO | N45: MPS - AG TERCEIROS
D46: SISTEMA ALERTA DE PROXIMIDADE | E46: Acessórios | F46: Acessórios | G46: SIM | K46: - | L46: INSPEÇÃO VALE | N46: HMC - AG MAO DE OBRA
D47: TREM DE FORÇA | E47: Corretivas | F47: Reparo Programado | G47: NÃO | K47: NÃO IDENTIFICADO FALHA | L47: NÃO IDENTIFICADO FALHA | N47: MPNS - AG MAO DE OBRA
D48: LUBRIFICAÇÃO | E48: Corretivas | F48: Reparo Programado | G48: NÃO | K48: PREVENTIVAPITSTOP | L48: REVISÃO PREVENTIVA | N48: MPS - AG ABASTECIMENTO
D49: LOCOMOÇÃO | E49: Man. Pneus | F49: Man. Pneus | G49: NÃO | K49: PREVENTIVABORRACHARIA | L49: LOCOMOÇÃO
D50: ACESSORIO CLIENTE | E50: Acessórios | F50: Acessórios | G50: SIM | K50: PREVENTIVA2500 HORAS | L50: REVISÃO PREVENTIVA
D51: COLETA ANALISE | F51: Preventivas | G51: NÃO | K51: PREVENTIVA1000 HORAS | L51: REVISÃO PREVENTIVA
D52: CONTAMINAÇÃO | F52: Reparo Programado | G52: SIM | K52: PREVENTIVA4000 HORAS | L52: REVISÃO PREVENTIVA
D53: CABINE | E53: Corretivas | F53: Reparo Programado | G53: NÃO | K53: PREVENTIVA2000 HORAS | L53: REVISÃO PREVENTIVA
K54: PREVENTIVA3000 HORAS | L54: REVISÃO PREVENTIVA
K55: PREVENTIVA3500 HORAS | L55: REVISÃO PREVENTIVA
K56: PREVENTIVA500 HORAS | L56: REVISÃO PREVENTIVA
K57: PREVENTIVA1500 HORAS | L57: REVISÃO PREVENTIVA
K58: PREVENTIVA50F | L58: REVISÃO PREVENTIVA
K59: PREVENTIVA250F | L59: REVISÃO PREVENTIVA
K60: PREVENTIVAMIDLIFE | L60: PREVENTIVA - MIDLIFE
K61: HIDRAULICO | L61: HIDRAULICO
K62: SISTEMA ALERTA DE PROXIMIDADE | L62: SISTEMA ALERTA DE PROXIMIDADE
K63: TREM DE FORCA | L63: TREM DE FORÇA
K64: LUBRIFICACAO | L64: LUBRIFICAÇÃO
K65: COMUNICACAO | L65: COMUNICACAO
... K68: ACESSORIO | L68: ACESSORIO CLIENTE
L69: COLETA ANALISE
L70: CONTAMINAÇÃO
L71: BORRACHARIA
L72: CABINE
K73: INSPEÇÃO VALE | L73: INSPEÇÃO VALE

Sheet HISTÓRICO_MANUTENÇÃO
B2: CLASSIFICAÇÃO.PRODUTO | F2: COMPONENTE EM JANELA DE PM | I2: AJUSTE / MANUAL | N2: CLASSIFICAÇÃO - AUTOMÁTICO | S2: EXPURGO - AUTOMÁTICO | W2: Componente e Produto | Y2: BASE DE DADOS - HISTÓRICO DE MANUTENÇÃO VALE
A3: dif. Mês | B3: PRODUTO | C3: DURAÇÃO - PRODUTO MANUAL | D3: CARTA | E3: DURAÇÃO - CARTA MANUAL | F3: COMPONENTE | G3: DURAÇÃO - COMP. MANUAL | H3: Comentários Adicionais (Componentes, produto e Cartas) | I3: Ajuste - Cod. Despacho | J3: AJUSTE - BUILD UP | K3: AJUSTE - SISTEMA | L3: AJUSTE - OCORRENCIA (0 / 1) | M3: AJUSTE - EXPURGO (S/N) | N3: CONT. OCOR. | O3: SISTEMA / PERFIL | P3: CLASSI. | Q3: BUILD UP | R3: Duração Ocorrencia | S3: EXPURGO Mãe | T3: CHECK. EXP. MÃE | U3: EXPURGO Filhas | V3: DUR. EXP. FILHA | W3: DUR. PRODUTO | X3: DUR. COMPONENTE.PM | Y3: Hora Inicio | Z3: Hora Final | AA3: Equipamento | AB3: OM | AC3: Cod Despacho | AD3: Descricao Despacho | AE3: Descricao Manutencao | AF3: Tipo | AG3: Mês | AH3: Comentario | AI3: Sistema2 | AJ3: Conjunto | AK3: Item | AL3: Problema | AM3: Solução | AN3: Setor | AO3: Causa | AP3: Falha
A4: =MONTH(TAB_HISTORICO_MANUT[[#This Row],[Hora Final]])-MONTH(TAB_HISTORICO_MANUT[[#This Row],[Hora Inicio]]) -> 0 | L4: 0 | N4: =IF(TAB_HISTORICO_MANUT[[#This Row],[AJUSTE - OCORRENCIA (0 / 1)]]<>"",TAB_HISTORICO_MANUT[[#This Row],[AJUSTE - OCORRENCIA (0 / 1)]],IF(OR(TAB_HISTORICO_MANUT[[#This Row],[Tipo]]="Filha",TAB_HISTORICO_MANUT[[#This Row],[Tipo]]=""),"",IF(AND(TAB_HISTORICO_MANUT[[#This Row],[Hora Inicio]]=#REF!,TAB_HISTORICO_MANUT[[#This Row],[Equipamento]]=#REF!,TAB_HISTORICO_MANUT[[#This Row],[Descricao Despacho]]=#REF!),0,1))) -> 0 | O4: =IF(TAB_HISTORICO_MANUT[[#This Row],[CONT. OCOR.]]="","",IF(TAB_HISTORICO_MANUT[[#This Row],[AJUSTE - SISTEMA]]<>"",TAB_HISTORICO_MANUT[[#This Row],[AJUSTE - SISTEMA]],IFERROR(VLOOKUP(TAB_HISTORICO_MANUT[[#This Row],[Sistema2]]&TAB_HISTORICO_MANUT[[#This Row],[Conjunto]],AJUSTE_PERFIL[#All],2,0),VLOOKUP(TAB_HISTORICO_MANUT[[#This Row],[Sistema2]],AJUSTE_PERFIL[],2,0)))) -> ESTRUTURA | P4: =IF(TAB_HISTORICO_MANUT[[#This Row],[CONT. OCOR.]]="","",IF(TAB_HISTORICO_MANUT[[#This Row],[Ajuste - Cod. Despacho]]="",TAB_HISTORICO_MANUT[[#This Row],[Descricao Despacho]],TAB_HISTORICO_MANUT[[#This Row],[Ajuste - Cod. Despacho]])) -> HAC - Hora Acidente | Q4: =IF(TAB_HISTORICO_MANUT[[#This Row],[CONT. OCOR.]]="","",IF(TAB_HISTORICO_MANUT[[#This Row],[AJUSTE - BUILD UP]]<>"",TAB_HISTORICO_MANUT[[#This Row],[AJUSTE - BUILD UP]],IF(TAB_HISTORICO_MANUT[[#This Row],[Descricao Despacho]]=LISTAS_APOIO!$I$5,LISTAS_APOIO!$B$3,IF(OR(TAB_HISTORICO_MANUT[[#This Row],[Descricao Despacho]]=LISTAS_APOIO!$I$3,TAB_HISTORICO_MANUT[[#This Row],[Descricao Despacho]]=LISTAS_APOIO!$I$5),VLOOKUP(TAB_HISTORICO_MANUT[[#This Row],[SISTEMA / PERFIL]],APOIO_EXPURGO_BUILD.UP[[Perfil de perdas]:[Build Up Preventia]],2,0),VLOOKUP(TAB_HISTORICO_MANUT[[#This Row],[SISTEMA / PERFIL]],APOIO_EXPURGO_BUILD.UP[[Perfil de perdas]:[Build Up Preventia]],3,0))))) -> Acidente operacional | R4: =IF($Q4="","",(TAB_HISTORICO_MANUT[[#This Row],[Hora Final]]-TAB_HISTORICO_MANUT[[#This Row],[Hora Inicio]])*24) -> 37.801389 | S4: =IF(TAB_HISTORICO_MANUT[[#This Row],[Tipo]]<>"Mãe","",IF(TAB_HISTORICO_MANUT[[#This Row],[AJUSTE - EXPURGO (S/N)]]<>"",TAB_HISTORICO_MANUT[[#This Row],[AJUSTE - EXPURGO (S/N)]],IF(TAB_HISTORICO_MANUT[[#This Row],[Descricao Despacho]]=LISTAS_APOIO!$I$5,"SIM",IF(ISERROR(VLOOKUP(TAB_HISTORICO_MANUT[[#This Row],[Descricao Manutencao]],EXPURGO_FILHAS[EXPURGO - FILHAS],1,0)),(_xlfn.XLOOKUP(TAB_HISTORICO_MANUT[[#This Row],[SISTEMA / PERFIL]],APOIO_EXPURGO_BUILD.UP[Perfil de perdas],APOIO_EXPURGO_BUILD.UP[Expurgo],"ADICIONAR CÓDIGO",0,1)),"SIM")))) -> SIM | T4: =IF(AND(TAB_HISTORICO_MANUT[[#This Row],[EXPURGO Mãe]]="SIM",TAB_HISTORICO_MANUT[[#This Row],[Tipo]]="MÃE"),"EXP.MAE",IF(TAB_HISTORICO_MANUT[[#This Row],[EXPURGO Mãe]]="NÃO","NÃO EXP.MAE",#REF!)) -> EXP.MAE | U4: =IF(TAB_HISTORICO_MANUT[[#This Row],[CHECK. EXP. MÃE]]="EXP.MAE","NÃO",IF(TAB_HISTORICO_MANUT[[#This Row],[Tipo]]="Filha",IF(TAB_HISTORICO_MANUT[[#This Row],[AJUSTE - EXPURGO (S/N)]]="",(IF(ISERROR(VLOOKUP(TAB_HISTORICO_MANUT[[#This Row],[Descricao Manutencao]],EXPURGO_FILHAS[EXPURGO - FILHAS],1,0)),"NÃO","SIM")),TAB_HISTORICO_MANUT[[#This Row],[AJUSTE - EXPURGO (S/N)]]),"NÃO")) -> NÃO | V4: =IF(TAB_HISTORICO_MANUT[[#This Row],[EXPURGO Filhas]]="SIM",MAX(TAB_HISTORICO_MANUT[[#This Row],[Hora Final]]-TAB_HISTORICO_MANUT[[#This Row],[Hora Inicio]],0),0) -> 0 | W4: =IF(AND((TAB_HISTORICO_MANUT[[#This Row],[DURAÇÃO - PRODUTO MANUAL]]+TAB_HISTORICO_MANUT[[#This Row],[DURAÇÃO - CARTA MANUAL]])=0,OR(TAB_HISTORICO_MANUT[[#This Row],[PRODUTO]]="SIM",TAB_HISTORICO_MANUT[[#This Row],[CARTA]]="SIM")),TAB_HISTORICO_MANUT[[#This Row],[Duração Ocorrencia]],TAB_HISTORICO_MANUT[[#This Row],[DURAÇÃO - PRODUTO MANUAL]]+TAB_HISTORICO_MANUT[[#This Row],[DURAÇÃO - CARTA MANUAL]]) -> 0 | X4: =IF(AND(TAB_HISTORICO_MANUT[[#This Row],[COMPONENTE]]="SIM",TAB_HISTORICO_MANUT[[#This Row],[DURAÇÃO - COMP. MANUAL]]=""),TAB_HISTORICO_MANUT[[#This Row],[Duração Ocorrencia]],TAB_HISTORICO_MANUT[[#This Row],[DURAÇÃO - COMP. MANUAL]]) -> 0 | Y4: 46023 | Z4: 46024.575 | AA4: CA1014KS101 | AC4: 1090 | AD4: HAC - Hora Acidente | AE4: HAC - EXEC MANUT ACIDENTE | AF4: Mãe | AG4: =IF(TAB_HISTORICO_MANUT[[#This Row],[Hora Inicio]]="","",MONTH(TAB_HISTORICO_MANUT[[#This Row],[Hora Inicio]])) -> 1 | AH4: AVARIA NO TANQUE DE COMBUSTIVEL - 202506870735 | AI4: ESTRUTURA | AJ4: TANQUE DE COMBUSTIVEL | AK4: TANQUE | AL4: ACIDENTE | AM4: REPARAR
A5: =MONTH(TAB_HISTORICO_MANUT[[#This Row],[Hora Final]])-MONTH(TAB_HISTORICO_MANUT[[#This Row],[Hora Inicio]]) -> 0 | N5: =IF(TAB_HISTORICO_MANUT[[#This Row],[AJUSTE - OCORRENCIA (0 / 1)]]<>"",TAB_HISTORICO_MANUT[[#This Row],[AJUSTE - OCORRENCIA (0 / 1)]],IF(OR(TAB_HISTORICO_MANUT[[#This Row],[Tipo]]="Filha",TAB_HISTORICO_MANUT[[#This Row],[Tipo]]=""),"",IF(AND(TAB_HISTORICO_MANUT[[#This Row],[Hora Inicio]]=Z4,TAB_HISTORICO_MANUT[[#This Row],[Equipamento]]=AA4,TAB_HISTORICO_MANUT[[#This Row],[Descricao Despacho]]=AD4),0,1))) -> 1 | O5: =IF(TAB_HISTORICO_MANUT[[#This Row],[CONT. OCOR.]]="","",IF(TAB_HISTORICO_MANUT[[#This Row],[AJUSTE - SISTEMA]]<>"",TAB_HISTORICO_MANUT[[#This Row],[AJUSTE - SISTEMA]],IFERROR(VLOOKUP(TAB_HISTORICO_MANUT[[#This Row],[Sistema2]]&TAB_HISTORICO_MANUT[[#This Row],[Conjunto]],AJUSTE_PERFIL[#All],2,0),VLOOKUP(TAB_HISTORICO_MANUT[[#This Row],[Sistema2]],AJUSTE_PERFIL[],2,0)))) -> LOCOMOÇÃO | P5: =IF(TAB_HISTORICO_MANUT[[#This Row],[CONT. OCOR.]]="","",IF(TAB_HISTORICO_MANUT[[#This Row],[Ajuste - Cod. Despacho]]="",TAB_HISTORICO_MANUT[[#This Row],[Descricao Despacho]],TAB_HISTORICO_MANUT[[#This Row],[Ajuste - Cod. Despacho]])) -> MPNS - Hora Manutenção Preventiva não Sistemática | Q5: =IF(TAB_HISTORICO_MANUT[[#This Row],[CONT. OCOR.]]="","",IF(TAB_HISTORICO_MANUT[[#This Row],[AJUSTE - BUILD UP]]<>"",TAB_HISTORICO_MANUT[[#This Row],[AJUSTE - BUILD UP]],IF(TAB_HISTORICO_MANUT[[#This Row],[Descricao Despacho]]=LISTAS_APOIO!$I$5,LISTAS_APOIO!$B$3,IF(OR(TAB_HISTORICO_MANUT[[#This Row],[Descricao Despacho]]=LISTAS_APOIO!$I$3,TAB_HISTORICO_MANUT[[#This Row],[Descricao Despacho]]=LISTAS_APOIO!$I$5),VLOOKUP(TAB_HISTORICO_MANUT[[#This Row],[SISTEMA / PERFIL]],APOIO_EXPURGO_BUILD.UP[[Perfil de perdas]:[Build Up Preventia]],2,0),VLOOKUP(TAB_HISTORICO_MANUT[[#This Row],[SISTEMA / PERFIL]],APOIO_EXPURGO_BUILD.UP[[Perfil de perdas]:[Build Up Preventia]],3,0))))) -> Man. Pneus | R5: =IF($Q5="","",(TAB_HISTORICO_MANUT[[#This Row],[Hora Final]]-TAB_HISTORICO_MANUT[[#This Row],[Hora Inicio]])*24) -> 1.1855556 | S5: =IF(TAB_HISTORICO_MANUT[[#This Row],[Tipo]]<>"Mãe","",IF(TAB_HISTORICO_MANUT[[#This Row],[AJUSTE - EXPURGO (S/N)]]<>"",TAB_HISTORICO_MANUT[[#This Row],[AJUSTE - EXPURGO (S/N)]],IF(TAB_HISTORICO_MANUT[[#This Row],[Descricao Despacho]]=LISTAS_APOIO!$I$5,"SIM",IF(ISERROR(VLOOKUP(TAB_HISTORICO_MANUT[[#This Row],[Descricao Manutencao]],EXPURGO_FILHAS[EXPURGO - FILHAS],1,0)),(_xlfn.XLOOKUP(TAB_HISTORICO_MANUT[[#This Row],[SISTEMA / PERFIL]],APOIO_EXPURGO_BUILD.UP[Perfil de perdas],APOIO_EXPURGO_BUILD.UP[Expurgo],"ADICIONAR CÓDIGO",0,1)),"SIM")))) -> NÃO | T5: =IF(AND(TAB_HISTORICO_MANUT[[#This Row],[EXPURGO Mãe]]="SIM",TAB_HISTORICO_MANUT[[#This Row],[Tipo]]="MÃE"),"EXP.MAE",IF(TAB_HISTORICO_MANUT[[#This Row],[EXPURGO Mãe]]="NÃO","NÃO EXP.MAE",T4)) -> NÃO EXP.MAE | U5: =IF(TAB_HISTORICO_MANUT[[#This Row],[CHECK. EXP. MÃE]]="EXP.MAE","NÃO",IF(TAB_HISTORICO_MANUT[[#This Row],[Tipo]]="Filha",IF(TAB_HISTORICO_MANUT[[#This Row],[AJUSTE - EXPURGO (S/N)]]="",(IF(ISERROR(VLOOKUP(TAB_HISTORICO_MANUT[[#This Row],[Descricao Manutencao]],EXPURGO_FILHAS[EXPURGO - FILHAS],1,0)),"NÃO","SIM")),TAB_HISTORICO_MANUT[[#This Row],[AJUSTE - EXPURGO (S/N)]]),"NÃO")) -> NÃO | V5: =IF(TAB_HISTORICO_MANUT[[#This Row],[EXPURGO Filhas]]="SIM",MAX(TAB_HISTORICO_MANUT[[#This Row],[Hora Final]]-TAB_HISTORICO_MANUT[[#This Row],[Hora Inicio]],0),0) -> 0 | W5: =IF(AND((TAB_HISTORICO_MANUT[[#This Row],[DURAÇÃO - PRODUTO MANUAL]]+TAB_HISTORICO_MANUT[[#This Row],[DURAÇÃO - CARTA MANUAL]])=0,OR(TAB_HISTORICO_MANUT[[#This Row],[PRODUTO]]="SIM",TAB_HISTORICO_MANUT[[#This Row],[CARTA]]="SIM")),TAB_HISTORICO_MANUT[[#This Row],[Duração Ocorrencia]],TAB_HISTORICO_MANUT[[#This Row],[DURAÇÃO - PRODUTO MANUAL]]+TAB_HISTORICO_MANUT[[#This Row],[DURAÇÃO - CARTA MANUAL]]) -> 0 | X5: =IF(AND(TAB_HISTORICO_MANUT[[#This Row],[COMPONENTE]]="SIM",TAB_HISTORICO_MANUT[[#This Row],[DURAÇÃO - COMP. MANUAL]]=""),TAB_HISTORICO_MANUT[[#This Row],[Duração Ocorrencia]],TAB_HISTORICO_MANUT[[#This Row],[DURAÇÃO - COMP. MANUAL]]) -> 0 | Y5: 46025.392 | Z5: 46025.441 | AA5: CA1014KS101 | AC5: 8010 | AD5: MPNS - Hora Manutenção Preventiva não Sistemática | AE5: MPNS - EXEC BORRACHARIA | AF5: Mãe | AG5: =IF(TAB_HISTORICO_MANUT[[#This Row],[Hora Inicio]]="","",MONTH(TAB_HISTORICO_MANUT[[#This Row],[Hora Inicio]])) -> 1 | AI5: LOCOMOCAO
A6: =MONTH(TAB_HISTORICO_MANUT[[#This Row],[Hora Final]])-MONTH(TAB_HISTORICO_MANUT[[#This Row],[Hora Inicio]]) -> 0 | M6: SIM | N6: =IF(TAB_HISTORICO_MANUT[[#This Row],[AJUSTE - OCORRENCIA (0 / 1)]]<>"",TAB_HISTORICO_MANUT[[#This Row],[AJUSTE - OCORRENCIA (0 / 1)]],IF(OR(TAB_HISTORICO_MANUT[[#This Row],[Tipo]]="Filha",TAB_HISTORICO_MANUT[[#This Row],[Tipo]]=""),"",IF(AND(TAB_HISTORICO_MANUT[[#This Row],[Hora Inicio]]=Z5,TAB_HISTORICO_MANUT[[#This Row],[Equipamento]]=AA5,TAB_HISTORICO_MANUT[[#This Row],[Descricao Despacho]]=AD5),0,1))) | O6: =IF(TAB_HISTORICO_MANUT[[#This Row],[CONT. OCOR.]]="","",IF(TAB_HISTORICO_MANUT[[#This Row],[AJUSTE - SISTEMA]]<>"",TAB_HISTORICO_MANUT[[#This Row],[AJUSTE - SISTEMA]],IFERROR(VLOOKUP(TAB_HISTORICO_MANUT[[#This Row],[Sistema2]]&TAB_HISTORICO_MANUT[[#This Row],[Conjunto]],AJUSTE_PERFIL[#All],2,0),VLOOKUP(TAB_HISTORICO_MANUT[[#This Row],[Sistema2]],AJUSTE_PERFIL[],2,0)))) | P6: =IF(TAB_HISTORICO_MANUT[[#This Row],[CONT. OCOR.]]="","",IF(TAB_HISTORICO_MANUT[[#This Row],[Ajuste - Cod. Despacho]]="",TAB_HISTORICO_MANUT[[#This Row],[Descricao Despacho]],TAB_HISTORICO_MANUT[[#This Row],[Ajuste - Cod. Despacho]])) | Q6: =IF(TAB_HISTORICO_MANUT[[#This Row],[CONT. OCOR.]]="","",IF(TAB_HISTORICO_MANUT[[#This Row],[AJUSTE - BUILD UP]]<>"",TAB_HISTORICO_MANUT[[#This Row],[AJUSTE - BUILD UP]],IF(TAB_HISTORICO_MANUT[[#This Row],[Descricao Despacho]]=LISTAS_APOIO!$I$5,LISTAS_APOIO!$B$3,IF(OR(TAB_HISTORICO_MANUT[[#This Row],[Descricao Despacho]]=LISTAS_APOIO!$I$3,TAB_HISTORICO_MANUT[[#This Row],[Descricao Despacho]]=LISTAS_APOIO!$I$5),VLOOKUP(TAB_HISTORICO_MANUT[[#This Row],[SISTEMA / PERFIL]],APOIO_EXPURGO_BUILD.UP[[Perfil de perdas]:[Build Up Preventia]],2,0),VLOOKUP(TAB_HISTORICO_MANUT[[#This Row],[SISTEMA / PERFIL]],APOIO_EXPURGO_BUILD.UP[[Perfil de perdas]:[Build Up Preventia]],3,0))))) | R6: =IF($Q6="","",(TAB_HISTORICO_MANUT[[#This Row],[Hora Final]]-TAB_HISTORICO_MANUT[[#This Row],[Hora Inicio]])*24) | S6: =IF(TAB_HISTORICO_MANUT[[#This Row],[Tipo]]<>"Mãe","",IF(TAB_HISTORICO_MANUT[[#This Row],[AJUSTE - EXPURGO (S/N)]]<>"",TAB_HISTORICO_MANUT[[#This Row],[AJUSTE - EXPURGO (S/N)]],IF(TAB_HISTORICO_MANUT[[#This Row],[Descricao Despacho]]=LISTAS_APOIO!$I$5,"SIM",IF(ISERROR(VLOOKUP(TAB_HISTORICO_MANUT[[#This Row],[Descricao Manutencao]],EXPURGO_FILHAS[EXPURGO - FILHAS],1,0)),(_xlfn.XLOOKUP(TAB_HISTORICO_MANUT[[#This Row],[SISTEMA / PERFIL]],APOIO_EXPURGO_BUILD.UP[Perfil de perdas],APOIO_EXPURGO_BUILD.UP[Expurgo],"ADICIONAR CÓDIGO",0,1)),"SIM")))) | T6: =IF(AND(TAB_HISTORICO_MANUT[[#This Row],[EXPURGO Mãe]]="SIM",TAB_HISTORICO_MANUT[[#This Row],[Tipo]]="MÃE"),"EXP.MAE",IF(TAB_HISTORICO_MANUT[[#This Row],[EXPURGO Mãe]]="NÃO","NÃO EXP.MAE",T5)) -> NÃO EXP.MAE | U6: =IF(TAB_HISTORICO_MANUT[[#This Row],[CHECK. EXP. MÃE]]="EXP.MAE","NÃO",IF(TAB_HISTORICO_MANUT[[#This Row],[Tipo]]="Filha",IF(TAB_HISTORICO_MANUT[[#This Row],[AJUSTE - EXPURGO (S/N)]]="",(IF(ISERROR(VLOOKUP(TAB_HISTORICO_MANUT[[#This Row],[Descricao Manutencao]],EXPURGO_FILHAS[EXPURGO - FILHAS],1,0)),"NÃO","SIM")),TAB_HISTORICO_MANUT[[#This Row],[AJUSTE - EXPURGO (S/N)]]),"NÃO")) -> SIM | V6: =IF(TAB_HISTORICO_MANUT[[#This Row],[EXPURGO Filhas]]="SIM",MAX(TAB_HISTORICO_MANUT[[#This Row],[Hora Final]]-TAB_HISTORICO_MANUT[[#This Row],[Hora Inicio]],0),0) -> 0.039666713 | W6: =IF(AND((TAB_HISTORICO_MANUT[[#This Row],[DURAÇÃO - PRODUTO MANUAL]]+TAB_HISTORICO_MANUT[[#This Row],[DURAÇÃO - CARTA MANUAL]])=0,OR(TAB_HISTORICO_MANUT[[#This Row],[PRODUTO]]="SIM",TAB_HISTORICO_MANUT[[#This Row],[CARTA]]="SIM")),TAB_HISTORICO_MANUT[[#This Row],[Duração Ocorrencia]],TAB_HISTORICO_MANUT[[#This Row],[DURAÇÃO - PRODUTO MANUAL]]+TAB_HISTORICO_MANUT[[#This Row],[DURAÇÃO - CARTA MANUAL]]) -> 0 | X6: =IF(AND(TAB_HISTORICO_MANUT[[#This Row],[COMPONENTE]]="SIM",TAB_HISTORICO_MANUT[[#This Row],[DURAÇÃO - COMP. MANUAL]]=""),TAB_HISTORICO_MANUT[[#This Row],[Duração Ocorrencia]],TAB_HISTORICO_MANUT[[#This Row],[DURAÇÃO - COMP. MANUAL]]) -> 0 | Y6: 46025.401 | Z6: 46025.441 | AA6: CA1014KS101 | AC6: 8010 | AD6: MPNS - Hora Manutenção Preventiva não Sistemática | AE6: MPNS - EXEC BORRACHARIA | AF6: Filha | AG6: =IF(TAB_HISTORICO_MANUT[[#This Row],[Hora Inicio]]="","",MONTH(TAB_HISTORICO_MANUT[[#This Row],[Hora Inicio]])) -> 1 | AI6: LOCOMOCAO
A7: =MONTH(TAB_HISTORICO_MANUT[[#This Row],[Hora Final]])-MONTH(TAB_HISTORICO_MANUT[[#This Row],[Hora Inicio]]) -> 0 | N7: =IF(TAB_HISTORICO_MANUT[[#This Row],[AJUSTE - OCORRENCIA (0 / 1)]]<>"",TAB_HISTORICO_MANUT[[#This Row],[AJUSTE - OCORRENCIA (0 / 1)]],IF(OR(TAB_HISTORICO_MANUT[[#This Row],[Tipo]]="Filha",TAB_HISTORICO_MANUT[[#This Row],[Tipo]]=""),"",IF(AND(TAB_HISTORICO_MANUT[[#This Row],[Hora Inicio]]=Z6,TAB_HISTORICO_MANUT[[#This Row],[Equipamento]]=AA6,TAB_HISTORICO_MANUT[[#This Row],[Descricao Despacho]]=AD6),0,1))) -> 1 | O7: =IF(TAB_HISTORICO_MANUT[[#This Row],[CONT. OCOR.]]="","",IF(TAB_HISTORICO_MANUT[[#This Row],[AJUSTE - SISTEMA]]<>"",TAB_HISTORICO_MANUT[[#This Row],[AJUSTE - SISTEMA]],IFERROR(VLOOKUP(TAB_HISTORICO_MANUT[[#This Row],[Sistema2]]&TAB_HISTORICO_MANUT[[#This Row],[Conjunto]],AJUSTE_PERFIL[#All],2,0),VLOOKUP(TAB_HISTORICO_MANUT[[#This Row],[Sistema2]],AJUSTE_PERFIL[],2,0)))) -> ELETRICO | P7: =IF(TAB_HISTORICO_MANUT[[#This Row],[CONT. OCOR.]]="","",IF(TAB_HISTORICO_MANUT[[#This Row],[Ajuste - Cod. Despacho]]="",TAB_HISTORICO_MANUT[[#This Row],[Descricao Despacho]],TAB_HISTORICO_MANUT[[#This Row],[Ajuste - Cod. Despacho]])) -> HMC - Hora de Manutenção Corretiva | Q7: =IF(TAB_HISTORICO_MANUT[[#This Row],[CONT. OCOR.]]="","",IF(TAB_HISTORICO_MANUT[[#This Row],[AJUSTE - BUILD UP]]<>"",TAB_HISTORICO_MANUT[[#This Row],[AJUSTE - BUILD UP]],IF(TAB_HISTORICO_MANUT[[#This Row],[Descricao Despacho]]=LISTAS_APOIO!$I$5,LISTAS_APOIO!$B$3,IF(OR(TAB_HISTORICO_MANUT[[#This Row],[Descricao Despacho]]=LISTAS_APOIO!$I$3,TAB_HISTORICO_MANUT[[#This Row],[Descricao Despacho]]=LISTAS_APOIO!$I$5),VLOOKUP(TAB_HISTORICO_MANUT[[#This Row],[SISTEMA / PERFIL]],APOIO_EXPURGO_BUILD.UP[[Perfil de perdas]:[Build Up Preventia]],2,0),VLOOKUP(TAB_HISTORICO_MANUT[[#This Row],[SISTEMA / PERFIL]],APOIO_EXPURGO_BUILD.UP[[Perfil de perdas]:[Build Up Preventia]],3,0))))) -> Corretivas | R7: =IF($Q7="","",(TAB_HISTORICO_MANUT[[#This Row],[Hora Final]]-TAB_HISTORICO_MANUT[[#This Row],[Hora Inicio]])*24) -> 4.3983333 | S7: =IF(TAB_HISTORICO_MANUT[[#This Row],[Tipo]]<>"Mãe","",IF(TAB_HISTORICO_MANUT[[#This Row],[AJUSTE - EXPURGO (S/N)]]<>"",TAB_HISTORICO_MANUT[[#This Row],[AJUSTE - EXPURGO (S/N)]],IF(TAB_HISTORICO_MANUT[[#This Row],[Descricao Despacho]]=LISTAS_APOIO!$I$5,"SIM",IF(ISERROR(VLOOKUP(TAB_HISTORICO_MANUT[[#This Row],[Descricao Manutencao]],EXPURGO_FILHAS[EXPURGO - FILHAS],1,0)),(_xlfn.XLOOKUP(TAB_HISTORICO_MANUT[[#This Row],[SISTEMA / PERFIL]],APOIO_EXPURGO_BUILD.UP[Perfil de perdas],APOIO_EXPURGO_BUILD.UP[Expurgo],"ADICIONAR CÓDIGO",0,1)),"SIM")))) -> NÃO | T7: =IF(AND(TAB_HISTORICO_MANUT[[#This Row],[EXPURGO Mãe]]="SIM",TAB_HISTORICO_MANUT[[#This Row],[Tipo]]="MÃE"),"EXP.MAE",IF(TAB_HISTORICO_MANUT[[#This Row],[EXPURGO Mãe]]="NÃO","NÃO EXP.MAE",T6)) -> NÃO EXP.MAE | U7: =IF(TAB_HISTORICO_MANUT[[#This Row],[CHECK. EXP. MÃE]]="EXP.MAE","NÃO",IF(TAB_HISTORICO_MANUT[[#This Row],[Tipo]]="Filha",IF(TAB_HISTORICO_MANUT[[#This Row],[AJUSTE - EXPURGO (S/N)]]="",(IF(ISERROR(VLOOKUP(TAB_HISTORICO_MANUT[[#This Row],[Descricao Manutencao]],EXPURGO_FILHAS[EXPURGO - FILHAS],1,0)),"NÃO","SIM")),TAB_HISTORICO_MANUT[[#This Row],[AJUSTE - EXPURGO (S/N)]]),"NÃO")) -> NÃO | V7: =IF(TAB_HISTORICO_MANUT[[#This Row],[EXPURGO Filhas]]="SIM",MAX(TAB_HISTORICO_MANUT[[#This Row],[Hora Final]]-TAB_HISTORICO_MANUT[[#This Row],[Hora Inicio]],0),0) -> 0 | W7: =IF(AND((TAB_HISTORICO_MANUT[[#This Row],[DURAÇÃO - PRODUTO MANUAL]]+TAB_HISTORICO_MANUT[[#This Row],[DURAÇÃO - CARTA MANUAL]])=0,OR(TAB_HISTORICO_MANUT[[#This Row],[PRODUTO]]="SIM",TAB_HISTORICO_MANUT[[#This Row],[CARTA]]="SIM")),TAB_HISTORICO_MANUT[[#This Row],[Duração Ocorrencia]],TAB_HISTORICO_MANUT[[#This Row],[DURAÇÃO - PRODUTO MANUAL]]+TAB_HISTORICO_MANUT[[#This Row],[DURAÇÃO - CARTA MANUAL]]) -> 0 | X7: =IF(AND(TAB_HISTORICO_MANUT[[#This Row],[COMPONENTE]]="SIM",TAB_HISTORICO_MANUT[[#This Row],[DURAÇÃO - COMP. MANUAL]]=""),TAB_HISTORICO_MANUT[[#This Row],[Duração Ocorrencia]],TAB_HISTORICO_MANUT[[#This Row],[DURAÇÃO - COMP. MANUAL]]) -> 0 | Y7: 46025.486 | Z7: 46025.669 | AA7: CA1014KS101 | AB7: 000000000000 | AC7: 9000 | AD7: HMC - Hora de Manutenção Corretiva | AE7: HMC - EXEC MANUT | AF7: Mãe | AG7: =IF(TAB_HISTORICO_MANUT[[#This Row],[Hora Inicio]]="","",MONTH(TAB_HISTORICO_MANUT[[#This Row],[Hora Inicio]])) -> 1 | AH7: FALHA NO FREIO RETARDO - SUBSTITUÍDO O SENSOR DE LIBERAÇÃO DO FREIO TRASEIRO LD | AI7: ELETRICO | AJ7: FRENAGEM | AK7: SENSOR DE LIBERACAO | AL7: AVARIA | AM7: SUBSTITUIR | AN7: Elétrica | AO7: Propulsao Retardo - Controle Operacao | AP7: Sensor Pres. Atmosf-Queima
A8: =MONTH(TAB_HISTORICO_MANUT[[#This Row],[Hora Final]])-MONTH(TAB_HISTORICO_MANUT[[#This Row],[Hora Inicio]]) -> 0 | N8: =IF(TAB_HISTORICO_MANUT[[#This Row],[AJUSTE - OCORRENCIA (0 / 1)]]<>"",TAB_HISTORICO_MANUT[[#This Row],[AJUSTE - OCORRENCIA (0 / 1)]],IF(OR(TAB_HISTORICO_MANUT[[#This Row],[Tipo]]="Filha",TAB_HISTORICO_MANUT[[#This Row],[Tipo]]=""),"",IF(AND(TAB_HISTORICO_MANUT[[#This Row],[Hora Inicio]]=Z7,TAB_HISTORICO_MANUT[[#This Row],[Equipamento]]=AA7,TAB_HISTORICO_MANUT[[#This Row],[Descricao Despacho]]=AD7),0,1))) -> 1 | O8: =IF(TAB_HISTORICO_MANUT[[#This Row],[CONT. OCOR.]]="","",IF(TAB_HISTORICO_MANUT[[#This Row],[AJUSTE - SISTEMA]]<>"",TAB_HISTORICO_MANUT[[#This Row],[AJUSTE - SISTEMA]],IFERROR(VLOOKUP(TAB_HISTORICO_MANUT[[#This Row],[Sistema2]]&TAB_HISTORICO_MANUT[[#This Row],[Conjunto]],AJUSTE_PERFIL[#All],2,0),VLOOKUP(TAB_HISTORICO_MANUT[[#This Row],[Sistema2]],AJUSTE_PERFIL[],2,0)))) -> LOCOMOÇÃO | P8: =IF(TAB_HISTORICO_MANUT[[#This Row],[CONT. OCOR.]]="","",IF(TAB_HISTORICO_MANUT[[#This Row],[Ajuste - Cod. Despacho]]="",TAB_HISTORICO_MANUT[[#This Row],[Descricao Despacho]],TAB_HISTORICO_MANUT[[#This Row],[Ajuste - Cod. Despacho]])) -> HMC - Hora de Manutenção Corretiva | Q8: =IF(TAB_HISTORICO_MANUT[[#This Row],[CONT. OCOR.]]="","",IF(TAB_HISTORICO_MANUT[[#This Row],[AJUSTE - BUILD UP]]<>"",TAB_HISTORICO_MANUT[[#This Row],[AJUSTE - BUILD UP]],IF(TAB_HISTORICO_MANUT[[#This Row],[Descricao Despacho]]=LISTAS_APOIO!$I$5,LISTAS_APOIO!$B$3,IF(OR(TAB_HISTORICO_MANUT[[#This Row],[Descricao Despacho]]=LISTAS_APOIO!$I$3,TAB_HISTORICO_MANUT[[#This Row],[Descricao Despacho]]=LISTAS_APOIO!$I$5),VLOOKUP(TAB_HISTORICO_MANUT[[#This Row],[SISTEMA / PERFIL]],APOIO_EXPURGO_BUILD.UP[[Perfil de perdas]:[Build Up Preventia]],2,0),VLOOKUP(TAB_HISTORICO_MANUT[[#This Row],[SISTEMA / PERFIL]],APOIO_EXPURGO_BUILD.UP[[Perfil de perdas]:[Build Up Preventia]],3,0))))) -> Man. Pneus | R8: =IF($Q8="","",(TAB_HISTORICO_MANUT[[#This Row],[Hora Final]]-TAB_HISTORICO_MANUT[[#This Row],[Hora Inicio]])*24) -> 1.4047222 | S8: =IF(TAB_HISTORICO_MANUT[[#This Row],[Tipo]]<>"Mãe","",IF(TAB_HISTORICO_MANUT[[#This Row],[AJUSTE - EXPURGO (S/N)]]<>"",TAB_HISTORICO_MANUT[[#This Row],[AJUSTE - EXPURGO (S/N)]],IF(TAB_HISTORICO_MANUT[[#This Row],[Descricao Despacho]]=LISTAS_APOIO!$I$5,"SIM",IF(ISERROR(VLOOKUP(TAB_HISTORICO_MANUT[[#This Row],[Descricao Manutencao]],EXPURGO_FILHAS[EXPURGO - FILHAS],1,0)),(_xlfn.XLOOKUP(TAB_HISTORICO_MANUT[[#This Row],[SISTEMA / PERFIL]],APOIO_EXPURGO_BUILD.UP[Perfil de perdas],APOIO_EXPURGO_BUILD.UP[Expurgo],"ADICIONAR CÓDIGO",0,1)),"SIM")))) -> NÃO | T8: =IF(AND(TAB_HISTORICO_MANUT[[#This Row],[EXPURGO Mãe]]="SIM",TAB_HISTORICO_MANUT[[#This Row],[Tipo]]="MÃE"),"EXP.MAE",IF(TAB_HISTORICO_MANUT[[#This Row],[EXPURGO Mãe]]="NÃO","NÃO EXP.MAE",T7)) -> NÃO EXP.MAE | U8: =IF(TAB_HISTORICO_MANUT[[#This Row],[CHECK. EXP. MÃE]]="EXP.MAE","NÃO",IF(TAB_HISTORICO_MANUT[[#This Row],[Tipo]]="Filha",IF(TAB_HISTORICO_MANUT[[#This Row],[AJUSTE - EXPURGO (S/N)]]="",(IF(ISERROR(VLOOKUP(TAB_HISTORICO_MANUT[[#This Row],[Descricao Manutencao]],EXPURGO_FILHAS[EXPURGO - FILHAS],1,0)),"NÃO","SIM")),TAB_HISTORICO_MANUT[[#This Row],[AJUSTE - EXPURGO (S/N)]]),"NÃO")) -> NÃO | V8: =IF(TAB_HISTORICO_MANUT[[#This Row],[EXPURGO Filhas]]="SIM",MAX(TAB_HISTORICO_MANUT[[#This Row],[Hora Final]]-TAB_HISTORICO_MANUT[[#This Row],[Hora Inicio]],0),0) -> 0 | W8: =IF(AND((TAB_HISTORICO_MANUT[[#This Row],[DURAÇÃO - PRODUTO MANUAL]]+TAB_HISTORICO_MANUT[[#This Row],[DURAÇÃO - CARTA MANUAL]])=0,OR(TAB_HISTORICO_MANUT[[#This Row],[PRODUTO]]="SIM",TAB_HISTORICO_MANUT[[#This Row],[CARTA]]="SIM")),TAB_HISTORICO_MANUT[[#This Row],[Duração Ocorrencia]],TAB_HISTORICO_MANUT[[#This Row],[DURAÇÃO - PRODUTO MANUAL]]+TAB_HISTORICO_MANUT[[#This Row],[DURAÇÃO - CARTA MANUAL]]) -> 0 | X8: =IF(AND(TAB_HISTORICO_MANUT[[#This Row],[COMPONENTE]]="SIM",TAB_HISTORICO_MANUT[[#This Row],[DURAÇÃO - COMP. MANUAL]]=""),TAB_HISTORICO_MANUT[[#This Row],[Duração Ocorrencia]],TAB_HISTORICO_MANUT[[#This Row],[DURAÇÃO - COMP. MANUAL]]) -> 0 | Y8: 46026.857 | Z8: 46026.915 | AA8: CA1014KS101 | AB8: 202600046853 | AC8: 9010 | AD8: HMC - Hora de Manutenção Corretiva | AE8: HMC - EXEC BORRACHARIA | AF8: Mãe | AG8: =IF(TAB_HISTORICO_MANUT[[#This Row],[Hora Inicio]]="","",MONTH(TAB_HISTORICO_MANUT[[#This Row],[Hora Inicio]])) -> 1 | AH8: TM_3 - BAIXA PRESSÃO DE AR PNEU TRASEIRO DIREITO EXTERNO - 202600046853 - REGULARIZAR PRESSÃO DO PNEU TDE | AI8: LOCOMOCAO | AJ8: RODA TDE | AK8: PNEU | AL8: BAIXA PRESSAO | AM8: CALIBRAR | AN8: Borracharia | AO8: Locomocao - Roda Tde | AP8: Pneu-Pressao
A9: =MONTH(TAB_HISTORICO_MANUT[[#This Row],[Hora Final]])-MONTH(TAB_HISTORICO_MANUT[[#This Row],[Hora Inicio]]) -> 0 | M9: SIM | N9: =IF(TAB_HISTORICO_MANUT[[#This Row],[AJUSTE - OCORRENCIA (0 / 1)]]<>"",TAB_HISTORICO_MANUT[[#This Row],[AJUSTE - OCORRENCIA (0 / 1)]],IF(OR(TAB_HISTORICO_MANUT[[#This Row],[Tipo]]="Filha",TAB_HISTORICO_MANUT[[#This Row],[Tipo]]=""),"",IF(AND(TAB_HISTORICO_MANUT[[#This Row],[Hora Inicio]]=Z8,TAB_HISTORICO_MANUT[[#This Row],[Equipamento]]=AA8,TAB_HISTORICO_MANUT[[#This Row],[Descricao Despacho]]=AD8),0,1))) | O9: =IF(TAB_HISTORICO_MANUT[[#This Row],[CONT. OCOR.]]="","",IF(TAB_HISTORICO_MANUT[[#This Row],[AJUSTE - SISTEMA]]<>"",TAB_HISTORICO_MANUT[[#This Row],[AJUSTE - SISTEMA]],IFERROR(VLOOKUP(TAB_HISTORICO_MANUT[[#This Row],[Sistema2]]&TAB_HISTORICO_MANUT[[#This Row],[Conjunto]],AJUSTE_PERFIL[#All],2,0),VLOOKUP(TAB_HISTORICO_MANUT[[#This Row],[Sistema2]],AJUSTE_PERFIL[],2,0)))) | P9: =IF(TAB_HISTORICO_MANUT[[#This Row],[CONT. OCOR.]]="","",IF(TAB_HISTORICO_MANUT[[#This Row],[Ajuste - Cod. Despacho]]="",TAB_HISTORICO_MANUT[[#This Row],[Descricao Despacho]],TAB_HISTORICO_MANUT[[#This Row],[Ajuste - Cod. Despacho]])) | Q9: =IF(TAB_HISTORICO_MANUT[[#This Row],[CONT. OCOR.]]="","",IF(TAB_HISTORICO_MANUT[[#This Row],[AJUSTE - BUILD UP]]<>"",TAB_HISTORICO_MANUT[[#This Row],[AJUSTE - BUILD UP]],IF(TAB_HISTORICO_MANUT[[#This Row],[Descricao Despacho]]=LISTAS_APOIO!$I$5,LISTAS_APOIO!$B$3,IF(OR(TAB_HISTORICO_MANUT[[#This Row],[Descricao Despacho]]=LISTAS_APOIO!$I$3,TAB_HISTORICO_MANUT[[#This Row],[Descricao Despacho]]=LISTAS_APOIO!$I$5),VLOOKUP(TAB_HISTORICO_MANUT[[#This Row],[SISTEMA / PERFIL]],APOIO_EXPURGO_BUILD.UP[[Perfil de perdas]:[Build Up Preventia]],2,0),VLOOKUP(TAB_HISTORICO_MANUT[[#This Row],[SISTEMA / PERFIL]],APOIO_EXPURGO_BUILD.UP[[Perfil de perdas]:[Build Up Preventia]],3,0))))) | R9: =IF($Q9="","",(TAB_HISTORICO_MANUT[[#This Row],[Hora Final]]-TAB_HISTORICO_MANUT[[#This Row],[Hora Inicio]])*24) | S9: =IF(TAB_HISTORICO_MANUT[[#This Row],[Tipo]]<>"Mãe","",IF(TAB_HISTORICO_MANUT[[#This Row],[AJUSTE - EXPURGO (S/N)]]<>"",TAB_HISTORICO_MANUT[[#This Row],[AJUSTE - EXPURGO (S/N)]],IF(TAB_HISTORICO_MANUT[[#This Row],[Descricao Despacho]]=LISTAS_APOIO!$I$5,"SIM",IF(ISERROR(VLOOKUP(TAB_HISTORICO_MANUT[[#This Row],[Descricao Manutencao]],EXPURGO_FILHAS[EXPURGO - FILHAS],1,0)),(_xlfn.XLOOKUP(TAB_HISTORICO_MANUT[[#This Row],[SISTEMA / PERFIL]],APOIO_EXPURGO_BUILD.UP[Perfil de perdas],APOIO_EXPURGO_BUILD.UP[Expurgo],"ADICIONAR CÓDIGO",0,1)),"SIM")))) | T9: =IF(AND(TAB_HISTORICO_MANUT[[#This Row],[EXPURGO Mãe]]="SIM",TAB_HISTORICO_MANUT[[#This Row],[Tipo]]="MÃE"),"EXP.MAE",IF(TAB_HISTORICO_MANUT[[#This Row],[EXPURGO Mãe]]="NÃO","NÃO EXP.MAE",T8)) -> NÃO EXP.MAE | U9: =IF(TAB_HISTORICO_MANUT[[#This Row],[CHECK. EXP. MÃE]]="EXP.MAE","NÃO",IF(TAB_HISTORICO_MANUT[[#This Row],[Tipo]]="Filha",IF(TAB_HISTORICO_MANUT[[#This Row],[AJUSTE - EXPURGO (S/N)]]="",(IF(ISERROR(VLOOKUP(TAB_HISTORICO_MANUT[[#This Row],[Descricao Manutencao]],EXPURGO_FILHAS[EXPURGO - FILHAS],1,0)),"NÃO","SIM")),TAB_HISTORICO_MANUT[[#This Row],[AJUSTE - EXPURGO (S/N)]]),"NÃO")) -> SIM | V9: =IF(TAB_HISTORICO_MANUT[[#This Row],[EXPURGO Filhas]]="SIM",MAX(TAB_HISTORICO_MANUT[[#This Row],[Hora Final]]-TAB_HISTORICO_MANUT[[#This Row],[Hora Inicio]],0),0) -> 0.046999664 | W9: =IF(AND((TAB_HISTORICO_MANUT[[#This Row],[DURAÇÃO - PRODUTO MANUAL]]+TAB_HISTORICO_MANUT[[#This Row],[DURAÇÃO - CARTA MANUAL]])=0,OR(TAB_HISTORICO_MANUT[[#This Row],[PRODUTO]]="SIM",TAB_HISTORICO_MANUT[[#This Row],[CARTA]]="SIM")),TAB_HISTORICO_MANUT[[#This Row],[Duração Ocorrencia]],TAB_HISTORICO_MANUT[[#This Row],[DURAÇÃO - PRODUTO MANUAL]]+TAB_HISTORICO_MANUT[[#This Row],[DURAÇÃO - CARTA MANUAL]]) -> 0 | X9: =IF(AND(TAB_HISTORICO_MANUT[[#This Row],[COMPONENTE]]="SIM",TAB_HISTORICO_MANUT[[#This Row],[DURAÇÃO - COMP. MANUAL]]=""),TAB_HISTORICO_MANUT[[#This Row],[Duração Ocorrencia]],TAB_HISTORICO_MANUT[[#This Row],[DURAÇÃO - COMP. MANUAL]]) -> 0 | Y9: 46026.868 | Z9: 46026.915 | AA9: CA1014KS101 | AB9: 202600046853 | AC9: 9010 | AD9: HMC - Hora de Manutenção Corretiva | AE9: HMC - EXEC BORRACHARIA | AF9: Filha | AG9: =IF(TAB_HISTORICO_MANUT[[#This Row],[Hora Inicio]]="","",MONTH(TAB_HISTORICO_MANUT[[#This Row],[Hora Inicio]])) -> 1 | AH9: TM_3 - BAIXA PRESSÃO DE AR PNEU TRASEIRO DIREITO EXTERNO - 202600046853 - REGULARIZAR PRESSÃO DO PNEU TDE | AI9: LOCOMOCAO | AJ9: RODA TDE | AK9: PNEU | AL9: BAIXA PRESSAO | AM9: CALIBRAR | AN9: Borracharia | AO9: Locomocao - Roda Tde | AP9: Pneu-Pressao
A10: =MONTH(TAB_HISTORICO_MANUT[[#This Row],[Hora Final]])-MONTH(TAB_HISTORICO_MANUT[[#This Row],[Hora Inicio]]) -> 0 | N10: =IF(TAB_HISTORICO_MANUT[[#This Row],[AJUSTE - OCORRENCIA (0 / 1)]]<>"",TAB_HISTORICO_MANUT[[#This Row],[AJUSTE - OCORRENCIA (0 / 1)]],IF(OR(TAB_HISTORICO_MANUT[[#This Row],[Tipo]]="Filha",TAB_HISTORICO_MANUT[[#This Row],[Tipo]]=""),"",IF(AND(TAB_HISTORICO_MANUT[[#This Row],[Hora Inicio]]=Z9,TAB_HISTORICO_MANUT[[#This Row],[Equipamento]]=AA9,TAB_HISTORICO_MANUT[[#This Row],[Descricao Despacho]]=AD9),0,1))) -> 1 | O10: =IF(TAB_HISTORICO_MANUT[[#This Row],[CONT. OCOR.]]="","",IF(TAB_HISTORICO_MANUT[[#This Row],[AJUSTE - SISTEMA]]<>"",TAB_HISTORICO_MANUT[[#This Row],[AJUSTE - SISTEMA]],IFERROR(VLOOKUP(TAB_HISTORICO_MANUT[[#This Row],[Sistema2]]&TAB_HISTORICO_MANUT[[#This Row],[Conjunto]],AJUSTE_PERFIL[#All],2,0),VLOOKUP(TAB_HISTORICO_MANUT[[#This Row],[Sistema2]],AJUSTE_PERFIL[],2,0)))) -> SISTEMA DE FREIO | P10: =IF(TAB_HISTORICO_MANUT[[#This Row],[CONT. OCOR.]]="","",IF(TAB_HISTORICO_MANUT[[#This Row],[Ajuste - Cod. Despacho]]="",TAB_HISTORICO_MANUT[[#This Row],[Descricao Despacho]],TAB_HISTORICO_MANUT[[#This Row],[Ajuste - Cod. Despacho]])) -> HMC - Hora de Manutenção Corretiva | Q10: =IF(TAB_HISTORICO_MANUT[[#This Row],[CONT. OCOR.]]="","",IF(TAB_HISTORICO_MANUT[[#This Row],[AJUSTE - BUILD UP]]<>"",TAB_HISTORICO_MANUT[[#This Row],[AJUSTE - BUILD UP]],IF(TAB_HISTORICO_MANUT[[#This Row],[Descricao Despacho]]=LISTAS_APOIO!$I$5,LISTAS_APOIO!$B$3,IF(OR(TAB_HISTORICO_MANUT[[#This Row],[Descricao Despacho]]=LISTAS_APOIO!$I$3,TAB_HISTORICO_MANUT[[#This Row],[Descricao Despacho]]=LISTAS_APOIO!$I$5),VLOOKUP(TAB_HISTORICO_MANUT[[#This Row],[SISTEMA / PERFIL]],APOIO_EXPURGO_BUILD.UP[[Perfil de perdas]:[Build Up Preventia]],2,0),VLOOKUP(TAB_HISTORICO_MANUT[[#This Row],[SISTEMA / PERFIL]],APOIO_EXPURGO_BUILD.UP[[Perfil de perdas]:[Build Up Preventia]],3,0))))) -> Corretivas | R10: =IF($Q10="","",(TAB_HISTORICO_MANUT[[#This Row],[Hora Final]]-TAB_HISTORICO_MANUT[[#This Row],[Hora Inicio]])*24) -> 6.1544444 | S10: =IF(TAB_HISTORICO_MANUT[[#This Row],[Tipo]]<>"Mãe","",IF(TAB_HISTORICO_MANUT[[#This Row],[AJUSTE - EXPURGO (S/N)]]<>"",TAB_HISTORICO_MANUT[[#This Row],[AJUSTE - EXPURGO (S/N)]],IF(TAB_HISTORICO_MANUT[[#This Row],[Descricao Despacho]]=LISTAS_APOIO!$I$5,"SIM",IF(ISERROR(VLOOKUP(TAB_HISTORICO_MANUT[[#This Row],[Descricao Manutencao]],EXPURGO_FILHAS[EXPURGO - FILHAS],1,0)),(_xlfn.XLOOKUP(TAB_HISTORICO_MANUT[[#This Row],[SISTEMA / PERFIL]],APOIO_EXPURGO_BUILD.UP[Perfil de perdas],APOIO_EXPURGO_BUILD.UP[Expurgo],"ADICIONAR CÓDIGO",0,1)),"SIM")))) -> NÃO | T10: =IF(AND(TAB_HISTORICO_MANUT[[#This Row],[EXPURGO Mãe]]="SIM",TAB_HISTORICO_MANUT[[#This Row],[Tipo]]="MÃE"),"EXP.MAE",IF(TAB_HISTORICO_MANUT[[#This Row],[EXPURGO Mãe]]="NÃO","NÃO EXP.MAE",T9)) -> NÃO EXP.MAE | U10: =IF(TAB_HISTORICO_MANUT[[#This Row],[CHECK. EXP. MÃE]]="EXP.MAE","NÃO",IF(TAB_HISTORICO_MANUT[[#This Row],[Tipo]]="Filha",IF(TAB_HISTORICO_MANUT[[#This Row],[AJUSTE - EXPURGO (S/N)]]="",(IF(ISERROR(VLOOKUP(TAB_HISTORICO_MANUT[[#This Row],[Descricao Manutencao]],EXPURGO_FILHAS[EXPURGO - FILHAS],1,0)),"NÃO","SIM")),TAB_HISTORICO_MANUT[[#This Row],[AJUSTE - EXPURGO (S/N)]]),"NÃO")) -> NÃO | V10: =IF(TAB_HISTORICO_MANUT[[#This Row],[EXPURGO Filhas]]="SIM",MAX(TAB_HISTORICO_MANUT[[#This Row],[Hora Final]]-TAB_HISTORICO_MANUT[[#This Row],[Hora Inicio]],0),0) -> 0 | W10: =IF(AND((TAB_HISTORICO_MANUT[[#This Row],[DURAÇÃO - PRODUTO MANUAL]]+TAB_HISTORICO_MANUT[[#This Row],[DURAÇÃO - CARTA MANUAL]])=0,OR(TAB_HISTORICO_MANUT[[#This Row],[PRODUTO]]="SIM",TAB_HISTORICO_MANUT[[#This Row],[CARTA]]="SIM")),TAB_HISTORICO_MANUT[[#This Row],[Duração Ocorrencia]],TAB_HISTORICO_MANUT[[#This Row],[DURAÇÃO - PRODUTO MANUAL]]+TAB_HISTORICO_MANUT[[#This Row],[DURAÇÃO - CARTA MANUAL]]) -> 0 | X10: =IF(AND(TAB_HISTORICO_MANUT[[#This Row],[COMPONENTE]]="SIM",TAB_HISTORICO_MANUT[[#This Row],[DURAÇÃO - COMP. MANUAL]]=""),TAB_HISTORICO_MANUT[[#This Row],[Duração Ocorrencia]],TAB_HISTORICO_MANUT[[#This Row],[DURAÇÃO - COMP. MANUAL]]) -> 0 | Y10: 46027.343 | Z10: 46027.6 | AA10: CA1014KS101 | AB10: 202600057063 | AC10: 9000 | AD10: HMC - Hora de Manutenção Corretiva | AE10: HMC - EXEC MANUT | AF10: Mãe | AG10: =IF(TAB_HISTORICO_MANUT[[#This Row],[Hora Inicio]]="","",MONTH(TAB_HISTORICO_MANUT[[#This Row],[Hora Inicio]])) -> 1 | AH10: 202600057063 VAZAMENTO DE DISEL - SUBS MANGUERIA DO OLEO | AI10: FRENAGEM | AJ10: FREIO | AK10: MANG. FILTRO | AL10: VAZAMENTO | AM10: SUBSTITUIR | AN10: Mecânica | AO10: Motor diesel | AP10: Filtro de Combustivel
A11: =MONTH(TAB_HISTORICO_MANUT[[#This Row],[Hora Final]])-MONTH(TAB_HISTORICO_MANUT[[#This Row],[Hora Inicio]]) -> 0 | N11: =IF(TAB_HISTORICO_MANUT[[#This Row],[AJUSTE - OCORRENCIA (0 / 1)]]<>"",TAB_HISTORICO_MANUT[[#This Row],[AJUSTE - OCORRENCIA (0 / 1)]],IF(OR(TAB_HISTORICO_MANUT[[#This Row],[Tipo]]="Filha",TAB_HISTORICO_MANUT[[#This Row],[Tipo]]=""),"",IF(AND(TAB_HISTORICO_MANUT[[#This Row],[Hora Inicio]]=Z10,TAB_HISTORICO_MANUT[[#This Row],[Equipamento]]=AA10,TAB_HISTORICO_MANUT[[#This Row],[Descricao Despacho]]=AD10),0,1))) -> 1 | O11: =IF(TAB_HISTORICO_MANUT[[#This Row],[CONT. OCOR.]]="","",IF(TAB_HISTORICO_MANUT[[#This Row],[AJUSTE - SISTEMA]]<>"",TAB_HISTORICO_MANUT[[#This Row],[AJUSTE - SISTEMA]],IFERROR(VLOOKUP(TAB_HISTORICO_MANUT[[#This Row],[Sistema2]]&TAB_HISTORICO_MANUT[[#This Row],[Conjunto]],AJUSTE_PERFIL[#All],2,0),VLOOKUP(TAB_HISTORICO_MANUT[[#This Row],[Sistema2]],AJUSTE_PERFIL[],2,0)))) -> AR CONDICIONADO | P11: =IF(TAB_HISTORICO_MANUT[[#This Row],[CONT. OCOR.]]="","",IF(TAB_HISTORICO_MANUT[[#This Row],[Ajuste - Cod. Despacho]]="",TAB_HISTORICO_MANUT[[#This Row],[Descricao Despacho]],TAB_HISTORICO_MANUT[[#This Row],[Ajuste - Cod. Despacho]])) -> HMC - Hora de Manutenção Corretiva | Q11: =IF(TAB_HISTORICO_MANUT[[#This Row],[CONT. OCOR.]]="","",IF(TAB_HISTORICO_MANUT[[#This Row],[AJUSTE - BUILD UP]]<>"",TAB_HISTORICO_MANUT[[#This Row],[AJUSTE - BUILD UP]],IF(TAB_HISTORICO_MANUT[[#This Row],[Descricao Despacho]]=LISTAS_APOIO!$I$5,LISTAS_APOIO!$B$3,IF(OR(TAB_HISTORICO_MANUT[[#This Row],[Descricao Despacho]]=LISTAS_APOIO!$I$3,TAB_HISTORICO_MANUT[[#This Row],[Descricao Despacho]]=LISTAS_APOIO!$I$5),VLOOKUP(TAB_HISTORICO_MANUT[[#This Row],[SISTEMA / PERFIL]],APOIO_EXPURGO_BUILD.UP[[Perfil de perdas]:[Build Up Preventia]],2,0),VLOOKUP(TAB_HISTORICO_MANUT[[#This Row],[SISTEMA / PERFIL]],APOIO_EXPURGO_BUILD.UP[[Perfil de perdas]:[Build Up Preventia]],3,0))))) -> Corretivas | R11: =IF($Q11="","",(TAB_HISTORICO_MANUT[[#This Row],[Hora Final]]-TAB_HISTORICO_MANUT[[#This Row],[Hora Inicio]])*24) -> 9.1775 | S11: =IF(TAB_HISTORICO_MANUT[[#This Row],[Tipo]]<>"Mãe","",IF(TAB_HISTORICO_MANUT[[#This Row],[AJUSTE - EXPURGO (S/N)]]<>"",TAB_HISTORICO_MANUT[[#This Row],[AJUSTE - EXPURGO (S/N)]],IF(TAB_HISTORICO_MANUT[[#This Row],[Descricao Despacho]]=LISTAS_APOIO!$I$5,"SIM",IF(ISERROR(VLOOKUP(TAB_HISTORICO_MANUT[[#This Row],[Descricao Manutencao]],EXPURGO_FILHAS[EXPURGO - FILHAS],1,0)),(_xlfn.XLOOKUP(TAB_HISTORICO_MANUT[[#This Row],[SISTEMA / PERFIL]],APOIO_EXPURGO_BUILD.UP[Perfil de perdas],APOIO_EXPURGO_BUILD.UP[Expurgo],"ADICIONAR CÓDIGO",0,1)),"SIM")))) -> NÃO | T11: =IF(AND(TAB_HISTORICO_MANUT[[#This Row],[EXPURGO Mãe]]="SIM",TAB_HISTORICO_MANUT[[#This Row],[Tipo]]="MÃE"),"EXP.MAE",IF(TAB_HISTORICO_MANUT[[#This Row],[EXPURGO Mãe]]="NÃO","NÃO EXP.MAE",T10)) -> NÃO EXP.MAE | U11: =IF(TAB_HISTORICO_MANUT[[#This Row],[CHECK. EXP. MÃE]]="EXP.MAE","NÃO",IF(TAB_HISTORICO_MANUT[[#This Row],[Tipo]]="Filha",IF(TAB_HISTORICO_MANUT[[#This Row],[AJUSTE - EXPURGO (S/N)]]="",(IF(ISERROR(VLOOKUP(TAB_HISTORICO_MANUT[[#This Row],[Descricao Manutencao]],EXPURGO_FILHAS[EXPURGO - FILHAS],1,0)),"NÃO","SIM")),TAB_HISTORICO_MANUT[[#This Row],[AJUSTE - EXPURGO (S/N)]]),"NÃO")) -> NÃO | V11: =IF(TAB_HISTORICO_MANUT[[#This Row],[EXPURGO Filhas]]="SIM",MAX(TAB_HISTORICO_MANUT[[#This Row],[Hora Final]]-TAB_HISTORICO_MANUT[[#This Row],[Hora Inicio]],0),0) -> 0 | W11: =IF(AND((TAB_HISTORICO_MANUT[[#This Row],[DURAÇÃO - PRODUTO MANUAL]]+TAB_HISTORICO_MANUT[[#This Row],[DURAÇÃO - CARTA MANUAL]])=0,OR(TAB_HISTORICO_MANUT[[#This Row],[PRODUTO]]="SIM",TAB_HISTORICO_MANUT[[#This Row],[CARTA]]="SIM")),TAB_HISTORICO_MANUT[[#This Row],[Duração Ocorrencia]],TAB_HISTORICO_MANUT[[#This Row],[DURAÇÃO - PRODUTO MANUAL]]+TAB_HISTORICO_MANUT[[#This Row],[DURAÇÃO - CARTA MANUAL]]) -> 0 | X11: =IF(AND(TAB_HISTORICO_MANUT[[#This Row],[COMPONENTE]]="SIM",TAB_HISTORICO_MANUT[[#This Row],[DURAÇÃO - COMP. MANUAL]]=""),TAB_HISTORICO_MANUT[[#This Row],[Duração Ocorrencia]],TAB_HISTORICO_MANUT[[#This Row],[DURAÇÃO - COMP. MANUAL]]) -> 0 | Y11: 46027.776 | Z11: 46028.158 | AA11: CA1014KS101 | AB11: 202600065845 | AC11: 9000 | AD11: HMC - Hora de Manutenção Corretiva | AE11: HMC - EXEC MANUT | AF11: Mãe | AG11: =IF(TAB_HISTORICO_MANUT[[#This Row],[Hora Inicio]]="","",MONTH(TAB_HISTORICO_MANUT[[#This Row],[Hora Inicio]])) -> 1 | AH11: FALHA NO AR CONDICIONADO - 202600065845 - SUBSTITUIDO COMPRESSOR DO A/C MT: 1150588 | AI11: AR CONDICIONADO | AJ11: COMPRESSOR | AK11: COMPRESSOR | AL11: AVARIA | AM11: SUBSTITUIR | AN11: Mecânica | AO11: Ar Condicionado - Compressor | AP11: Compressor-Avaria
A12: =MONTH(TAB_HISTORICO_MANUT[[#This Row],[Hora Final]])-MONTH(TAB_HISTORICO_MANUT[[#This Row],[Hora Inicio]]) -> 0 | N12: =IF(TAB_HISTORICO_MANUT[[#This Row],[AJUSTE - OCORRENCIA (0 / 1)]]<>"",TAB_HISTORICO_MANUT[[#This Row],[AJUSTE - OCORRENCIA (0 / 1)]],IF(OR(TAB_HISTORICO_MANUT[[#This Row],[Tipo]]="Filha",TAB_HISTORICO_MANUT[[#This Row],[Tipo]]=""),"",IF(AND(TAB_HISTORICO_MANUT[[#This Row],[Hora Inicio]]=Z11,TAB_HISTORICO_MANUT[[#This Row],[Equipamento]]=AA11,TAB_HISTORICO_MANUT[[#This Row],[Descricao Despacho]]=AD11),0,1))) -> 1 | O12: =IF(TAB_HISTORICO_MANUT[[#This Row],[CONT. OCOR.]]="","",IF(TAB_HISTORICO_MANUT[[#This Row],[AJUSTE - SISTEMA]]<>"",TAB_HISTORICO_MANUT[[#This Row],[AJUSTE - SISTEMA]],IFERROR(VLOOKUP(TAB_HISTORICO_MANUT[[#This Row],[Sistema2]]&TAB_HISTORICO_MANUT[[#This Row],[Conjunto]],AJUSTE_PERFIL[#All],2,0),VLOOKUP(TAB_HISTORICO_MANUT[[#This Row],[Sistema2]],AJUSTE_PERFIL[],2,0)))) -> AR CONDICIONADO | P12: =IF(TAB_HISTORICO_MANUT[[#This Row],[CONT. OCOR.]]="","",IF(TAB_HISTORICO_MANUT[[#This Row],[Ajuste - Cod. Despacho]]="",TAB_HISTORICO_MANUT[[#This Row],[Descricao Despacho]],TAB_HISTORICO_MANUT[[#This Row],[Ajuste - Cod. Despacho]])) -> HMC - Hora de Manutenção Corretiva | Q12: =IF(TAB_HISTORICO_MANUT[[#This Row],[CONT. OCOR.]]="","",IF(TAB_HISTORICO_MANUT[[#This Row],[AJUSTE - BUILD UP]]<>"",TAB_HISTORICO_MANUT[[#This Row],[AJUSTE - BUILD UP]],IF(TAB_HISTORICO_MANUT[[#This Row],[Descricao Despacho]]=LISTAS_APOIO!$I$5,LISTAS_APOIO!$B$3,IF(OR(TAB_HISTORICO_MANUT[[#This Row],[Descricao Despacho]]=LISTAS_APOIO!$I$3,TAB_HISTORICO_MANUT[[#This Row],[Descricao Despacho]]=LISTAS_APOIO!$I$5),VLOOKUP(TAB_HISTORICO_MANUT[[#This Row],[SISTEMA / PERFIL]],APOIO_EXPURGO_BUILD.UP[[Perfil de perdas]:[Build Up Preventia]],2,0),VLOOKUP(TAB_HISTORICO_MANUT[[#This Row],[SISTEMA / PERFIL]],APOIO_EXPURGO_BUILD.UP[[Perfil de perdas]:[Build Up Preventia]],3,0))))) -> Corretivas | R12: =IF($Q12="","",(TAB_HISTORICO_MANUT[[#This Row],[Hora Final]]-TAB_HISTORICO_MANUT[[#This Row],[Hora Inicio]])*24) -> 3.3641667 | S12: =IF(TAB_HISTORICO_MANUT[[#This Row],[Tipo]]<>"Mãe","",IF(TAB_HISTORICO_MANUT[[#This Row],[AJUSTE - EXPURGO (S/N)]]<>"",TAB_HISTORICO_MANUT[[#This Row],[AJUSTE - EXPURGO (S/N)]],IF(TAB_HISTORICO_MANUT[[#This Row],[Descricao Despacho]]=LISTAS_APOIO!$I$5,"SIM",IF(ISERROR(VLOOKUP(TAB_HISTORICO_MANUT[[#This Row],[Descricao Manutencao]],EXPURGO_FILHAS[EXPURGO - FILHAS],1,0)),(_xlfn.XLOOKUP(TAB_HISTORICO_MANUT[[#This Row],[SISTEMA / PERFIL]],APOIO_EXPURGO_BUILD.UP[Perfil de perdas],APOIO_EXPURGO_BUILD.UP[Expurgo],"ADICIONAR CÓDIGO",0,1)),"SIM")))) -> NÃO | T12: =IF(AND(TAB_HISTORICO_MANUT[[#This Row],[EXPURGO Mãe]]="SIM",TAB_HISTORICO_MANUT[[#This Row],[Tipo]]="MÃE"),"EXP.MAE",IF(TAB_HISTORICO_MANUT[[#This Row],[EXPURGO Mãe]]="NÃO","NÃO EXP.MAE",T11)) -> NÃO EXP.MAE | U12: =IF(TAB_HISTORICO_MANUT[[#This Row],[CHECK. EXP. MÃE]]="EXP.MAE","NÃO",IF(TAB_HISTORICO_MANUT[[#This Row],[Tipo]]="Filha",IF(TAB_HISTORICO_MANUT[[#This Row],[AJUSTE - EXPURGO (S/N)]]="",(IF(ISERROR(VLOOKUP(TAB_HISTORICO_MANUT[[#This Row],[Descricao Manutencao]],EXPURGO_FILHAS[EXPURGO - FILHAS],1,0)),"NÃO","SIM")),TAB_HISTORICO_MANUT[[#This Row],[AJUSTE - EXPURGO (S/N)]]),"NÃO")) -> NÃO | V12: =IF(TAB_HISTORICO_MANUT[[#This Row],[EXPURGO Filhas]]="SIM",MAX(TAB_HISTORICO_MANUT[[#This Row],[Hora Final]]-TAB_HISTORICO_MANUT[[#This Row],[Hora Inicio]],0),0) -> 0 | W12: =IF(AND((TAB_HISTORICO_MANUT[[#This Row],[DURAÇÃO - PRODUTO MANUAL]]+TAB_HISTORICO_MANUT[[#This Row],[DURAÇÃO - CARTA MANUAL]])=0,OR(TAB_HISTORICO_MANUT[[#This Row],[PRODUTO]]="SIM",TAB_HISTORICO_MANUT[[#This Row],[CARTA]]="SIM")),TAB_HISTORICO_MANUT[[#This Row],[Duração Ocorrencia]],TAB_HISTORICO_MANUT[[#This Row],[DURAÇÃO - PRODUTO MANUAL]]+TAB_HISTORICO_MANUT[[#This Row],[DURAÇÃO - CARTA MANUAL]]) -> 0 | X12: =IF(AND(TAB_HISTORICO_MANUT[[#This Row],[COMPONENTE]]="SIM",TAB_HISTORICO_MANUT[[#This Row],[DURAÇÃO - COMP. MANUAL]]=""),TAB_HISTORICO_MANUT[[#This Row],[Duração Ocorrencia]],TAB_HISTORICO_MANUT[[#This Row],[DURAÇÃO - COMP. MANUAL]]) -> 0 | Y12: 46028.559 | Z12: 46028.699 | AA12: CA1014KS101 | AB12: 202600082410 | AC12: 9000 | AD12: HMC - Hora de Manutenção Corretiva | AE12: HMC - EXEC MANUT | AF12: Mãe | AG12: =IF(TAB_HISTORICO_MANUT[[#This Row],[Hora Inicio]]="","",MONTH(TAB_HISTORICO_MANUT[[#This Row],[Hora Inicio]])) -> 1 | AH12: 202600082410 AR CONDICIONADO - REALIZADO LIMPEZA NO AR CONDICONADO , SUBSTITUIDO FILTRO DESSECANTE E COMPLETADO CARGA DE GÁS | AI12: AR CONDICIONADO | AJ12: LINHA DE GAS | AK12: FILTRO | AL12: OBSTRUIDO | AM12: SUBSTITUIR | AN12: Mecânica | AO12: Ar Condicionado - Linha Gas | AP12: Mangueira/Fixação
A13: =MONTH(TAB_HISTORICO_MANUT[[#This Row],[Hora Final]])-MONTH(TAB_HISTORICO_MANUT[[#This Row],[Hora Inicio]]) -> 0 | N13: =IF(TAB_HISTORICO_MANUT[[#This Row],[AJUSTE - OCORRENCIA (0 / 1)]]<>"",TAB_HISTORICO_MANUT[[#This Row],[AJUSTE - OCORRENCIA (0 / 1)]],IF(OR(TAB_HISTORICO_MANUT[[#This Row],[Tipo]]="Filha",TAB_HISTORICO_MANUT[[#This Row],[Tipo]]=""),"",IF(AND(TAB_HISTORICO_MANUT[[#This Row],[Hora Inicio]]=Z12,TAB_HISTORICO_MANUT[[#This Row],[Equipamento]]=AA12,TAB_HISTORICO_MANUT[[#This Row],[Descricao Despacho]]=AD12),0,1))) -> 1 | O13: =IF(TAB_HISTORICO_MANUT[[#This Row],[CONT. OCOR.]]="","",IF(TAB_HISTORICO_MANUT[[#This Row],[AJUSTE - SISTEMA]]<>"",TAB_HISTORICO_MANUT[[#This Row],[AJUSTE - SISTEMA]],IFERROR(VLOOKUP(TAB_HISTORICO_MANUT[[#This Row],[Sistema2]]&TAB_HISTORICO_MANUT[[#This Row],[Conjunto]],AJUSTE_PERFIL[#All],2,0),VLOOKUP(TAB_HISTORICO_MANUT[[#This Row],[Sistema2]],AJUSTE_PERFIL[],2,0)))) -> LOCOMOÇÃO | P13: =IF(TAB_HISTORICO_MANUT[[#This Row],[CONT. OCOR.]]="","",IF(TAB_HISTORICO_MANUT[[#This Row],[Ajuste - Cod. Despacho]]="",TAB_HISTORICO_MANUT[[#This Row],[Descricao Despacho]],TAB_HISTORICO_MANUT[[#This Row],[Ajuste - Cod. Despacho]])) -> HMC - Hora de Manutenção Corretiva | Q13: =IF(TAB_HISTORICO_MANUT[[#This Row],[CONT. OCOR.]]="","",IF(TAB_HISTORICO_MANUT[[#This Row],[AJUSTE - BUILD UP]]<>"",TAB_HISTORICO_MANUT[[#This Row],[AJUSTE - BUILD UP]],IF(TAB_HISTORICO_MANUT[[#This Row],[Descricao Despacho]]=LISTAS_APOIO!$I$5,LISTAS_APOIO!$B$3,IF(OR(TAB_HISTORICO_MANUT[[#This Row],[Descricao Despacho]]=LISTAS_APOIO!$I$3,TAB_HISTORICO_MANUT[[#This Row],[Descricao Despacho]]=LISTAS_APOIO!$I$5),VLOOKUP(TAB_HISTORICO_MANUT[[#This Row],[SISTEMA / PERFIL]],APOIO_EXPURGO_BUILD.UP[[Perfil de perdas]:[Build Up Preventia]],2,0),VLOOKUP(TAB_HISTORICO_MANUT[[#This Row],[SISTEMA / PERFIL]],APOIO_EXPURGO_BUILD.UP[[Perfil de perdas]:[Build Up Preventia]],3,0))))) -> Man. Pneus | R13: =IF($Q13="","",(TAB_HISTORICO_MANUT[[#This Row],[Hora Final]]-TAB_HISTORICO_MANUT[[#This Row],[Hora Inicio]])*24) -> 1.6947222 | S13: =IF(TAB_HISTORICO_MANUT[[#This Row],[Tipo]]<>"Mãe","",IF(TAB_HISTORICO_MANUT[[#This Row],[AJUSTE - EXPURGO (S/N)]]<>"",TAB_HISTORICO_MANUT[[#This Row],[AJUSTE - EXPURGO (S/N)]],IF(TAB_HISTORICO_MANUT[[#This Row],[Descricao Despacho]]=LISTAS_APOIO!$I$5,"SIM",IF(ISERROR(VLOOKUP(TAB_HISTORICO_MANUT[[#This Row],[Descricao Manutencao]],EXPURGO_FILHAS[EXPURGO - FILHAS],1,0)),(_xlfn.XLOOKUP(TAB_HISTORICO_MANUT[[#This Row],[SISTEMA / PERFIL]],APOIO_EXPURGO_BUILD.UP[Perfil de perdas],APOIO_EXPURGO_BUILD.UP[Expurgo],"ADICIONAR CÓDIGO",0,1)),"SIM")))) -> NÃO | T13: =IF(AND(TAB_HISTORICO_MANUT[[#This Row],[EXPURGO Mãe]]="SIM",TAB_HISTORICO_MANUT[[#This Row],[Tipo]]="MÃE"),"EXP.MAE",IF(TAB_HISTORICO_MANUT[[#This Row],[EXPURGO Mãe]]="NÃO","NÃO EXP.MAE",T12)) -> NÃO EXP.MAE | U13: =IF(TAB_HISTORICO_MANUT[[#This Row],[CHECK. EXP. MÃE]]="EXP.MAE","NÃO",IF(TAB_HISTORICO_MANUT[[#This Row],[Tipo]]="Filha",IF(TAB_HISTORICO_MANUT[[#This Row],[AJUSTE - EXPURGO (S/N)]]="",(IF(ISERROR(VLOOKUP(TAB_HISTORICO_MANUT[[#This Row],[Descricao Manutencao]],EXPURGO_FILHAS[EXPURGO - FILHAS],1,0)),"NÃO","SIM")),TAB_HISTORICO_MANUT[[#This Row],[AJUSTE - EXPURGO (S/N)]]),"NÃO")) -> NÃO | V13: =IF(TAB_HISTORICO_MANUT[[#This Row],[EXPURGO Filhas]]="SIM",MAX(TAB_HISTORICO_MANUT[[#This Row],[Hora Final]]-TAB_HISTORICO_MANUT[[#This Row],[Hora Inicio]],0),0) -> 0 | W13: =IF(AND((TAB_HISTORICO_MANUT[[#This Row],[DURAÇÃO - PRODUTO MANUAL]]+TAB_HISTORICO_MANUT[[#This Row],[DURAÇÃO - CARTA MANUAL]])=0,OR(TAB_HISTORICO_MANUT[[#This Row],[PRODUTO]]="SIM",TAB_HISTORICO_MANUT[[#This Row],[CARTA]]="SIM")),TAB_HISTORICO_MANUT[[#This Row],[Duração Ocorrencia]],TAB_HISTORICO_MANUT[[#This Row],[DURAÇÃO - PRODUTO MANUAL]]+TAB_HISTORICO_MANUT[[#This Row],[DURAÇÃO - CARTA MANUAL]]) -> 0 | X13: =IF(AND(TAB_HISTORICO_MANUT[[#This Row],[COMPONENTE]]="SIM",TAB_HISTORICO_MANUT[[#This Row],[DURAÇÃO - COMP. MANUAL]]=""),TAB_HISTORICO_MANUT[[#This Row],[Duração Ocorrencia]],TAB_HISTORICO_MANUT[[#This Row],[DURAÇÃO - COMP. MANUAL]]) -> 0 | Y13: 46028.769 | Z13: 46028.839 | AA13: CA1014KS101 | AB13: 202600085645 | AC13: 9010 | AD13: HMC - Hora de Manutenção Corretiva | AE13: HMC - EXEC BORRACHARIA | AF13: Mãe | AG13: =IF(TAB_HISTORICO_MANUT[[#This Row],[Hora Inicio]]="","",MONTH(TAB_HISTORICO_MANUT[[#This Row],[Hora Inicio]])) -> 1 | AH13: BAIXA PRESSÃO DE AR DO PNEU - 202600085645 - REALIZADO CALIBRAGEM DO PNEU TRASEIRO DIREITO EXTERNO MT: 81036838 | AI13: LOCOMOCAO | AJ13: RODA TDE | AK13: PNEU | AL13: BAIXA PRESSAO | AM13: CALIBRAR | AN13: Borracharia | AO13: Locomocao - Roda Tde | AP13: Pneu-Pressao
A14: =MONTH(TAB_HISTORICO_MANUT[[#This Row],[Hora Final]])-MONTH(TAB_HISTORICO_MANUT[[#This Row],[Hora Inicio]]) -> 0 | M14: SIM | N14: =IF(TAB_HISTORICO_MANUT[[#This Row],[AJUSTE - OCORRENCIA (0 / 1)]]<>"",TAB_HISTORICO_MANUT[[#This Row],[AJUSTE - OCORRENCIA (0 / 1)]],IF(OR(TAB_HISTORICO_MANUT[[#This Row],[Tipo]]="Filha",TAB_HISTORICO_MANUT[[#This Row],[Tipo]]=""),"",IF(AND(TAB_HISTORICO_MANUT[[#This Row],[Hora Inicio]]=Z13,TAB_HISTORICO_MANUT[[#This Row],[Equipamento]]=AA13,TAB_HISTORICO_MANUT[[#This Row],[Descricao Despacho]]=AD13),0,1))) | O14: =IF(TAB_HISTORICO_MANUT[[#This Row],[CONT. OCOR.]]="","",IF(TAB_HISTORICO_MANUT[[#This Row],[AJUSTE - SISTEMA]]<>"",TAB_HISTORICO_MANUT[[#This Row],[AJUSTE - SISTEMA]],IFERROR(VLOOKUP(TAB_HISTORICO_MANUT[[#This Row],[Sistema2]]&TAB_HISTORICO_MANUT[[#This Row],[Conjunto]],AJUSTE_PERFIL[#All],2,0),VLOOKUP(TAB_HISTORICO_MANUT[[#This Row],[Sistema2]],AJUSTE_PERFIL[],2,0)))) | P14: =IF(TAB_HISTORICO_MANUT[[#This Row],[CONT. OCOR.]]="","",IF(TAB_HISTORICO_MANUT[[#This Row],[Ajuste - Cod. Despacho]]="",TAB_HISTORICO_MANUT[[#This Row],[Descricao Despacho]],TAB_HISTORICO_MANUT[[#This Row],[Ajuste - Cod. Despacho]])) | Q14: =IF(TAB_HISTORICO_MANUT[[#This Row],[CONT. OCOR.]]="","",IF(TAB_HISTORICO_MANUT[[#This Row],[AJUSTE - BUILD UP]]<>"",TAB_HISTORICO_MANUT[[#This Row],[AJUSTE - BUILD UP]],IF(TAB_HISTORICO_MANUT[[#This Row],[Descricao Despacho]]=LISTAS_APOIO!$I$5,LISTAS_APOIO!$B$3,IF(OR(TAB_HISTORICO_MANUT[[#This Row],[Descricao Despacho]]=LISTAS_APOIO!$I$3,TAB_HISTORICO_MANUT[[#This Row],[Descricao Despacho]]=LISTAS_APOIO!$I$5),VLOOKUP(TAB_HISTORICO_MANUT[[#This Row],[SISTEMA / PERFIL]],APOIO_EXPURGO_BUILD.UP[[Perfil de perdas]:[Build Up Preventia]],2,0),VLOOKUP(TAB_HISTORICO_MANUT[[#This Row],[SISTEMA / PERFIL]],APOIO_EXPURGO_BUILD.UP[[Perfil de perdas]:[Build Up Preventia]],3,0))))) | R14: =IF($Q14="","",(TAB_HISTORICO_MANUT[[#This Row],[Hora Final]]-TAB_HISTORICO_MANUT[[#This Row],[Hora Inicio]])*24) | S14: =IF(TAB_HISTORICO_MANUT[[#This Row],[Tipo]]<>"Mãe","",IF(TAB_HISTORICO_MANUT[[#This Row],[AJUSTE - EXPURGO (S/N)]]<>"",TAB_HISTORICO_MANUT[[#This Row],[AJUSTE - EXPURGO (S/N)]],IF(TAB_HISTORICO_MANUT[[#This Row],[Descricao Despacho]]=LISTAS_APOIO!$I$5,"SIM",IF(ISERROR(VLOOKUP(TAB_HISTORICO_MANUT[[#This Row],[Descricao Manutencao]],EXPURGO_FILHAS[EXPURGO - FILHAS],1,0)),(_xlfn.XLOOKUP(TAB_HISTORICO_MANUT[[#This Row],[SISTEMA / PERFIL]],APOIO_EXPURGO_BUILD.UP[Perfil de perdas],APOIO_EXPURGO_BUILD.UP[Expurgo],"ADICIONAR CÓDIGO",0,1)),"SIM")))) | T14: =IF(AND(TAB_HISTORICO_MANUT[[#This Row],[EXPURGO Mãe]]="SIM",TAB_HISTORICO_MANUT[[#This Row],[Tipo]]="MÃE"),"EXP.MAE",IF(TAB_HISTORICO_MANUT[[#This Row],[EXPURGO Mãe]]="NÃO","NÃO EXP.MAE",T13)) -> NÃO EXP.MAE | U14: =IF(TAB_HISTORICO_MANUT[[#This Row],[CHECK. EXP. MÃE]]="EXP.MAE","NÃO",IF(TAB_HISTORICO_MANUT[[#This Row],[Tipo]]="Filha",IF(TAB_HISTORICO_MANUT[[#This Row],[AJUSTE - EXPURGO (S/N)]]="",(IF(ISERROR(VLOOKUP(TAB_HISTORICO_MANUT[[#This Row],[Descricao Manutencao]],EXPURGO_FILHAS[EXPURGO - FILHAS],1,0)),"NÃO","SIM")),TAB_HISTORICO_MANUT[[#This Row],[AJUSTE - EXPURGO (S/N)]]),"NÃO")) -> SIM | V14: =IF(TAB_HISTORICO_MANUT[[#This Row],[EXPURGO Filhas]]="SIM",MAX(TAB_HISTORICO_MANUT[[#This Row],[Hora Final]]-TAB_HISTORICO_MANUT[[#This Row],[Hora Inicio]],0),0) -> 0.056702581 | W14: =IF(AND((TAB_HISTORICO_MANUT[[#This Row],[DURAÇÃO - PRODUTO MANUAL]]+TAB_HISTORICO_MANUT[[#This Row],[DURAÇÃO - CARTA MANUAL]])=0,OR(TAB_HISTORICO_MANUT[[#This Row],[PRODUTO]]="SIM",TAB_HISTORICO_MANUT[[#This Row],[CARTA]]="SIM")),TAB_HISTORICO_MANUT[[#This Row],[Duração Ocorrencia]],TAB_HISTORICO_MANUT[[#This Row],[DURAÇÃO - PRODUTO MANUAL]]+TAB_HISTORICO_MANUT[[#This Row],[DURAÇÃO - CARTA MANUAL]]) -> 0 | X14: =IF(AND(TAB_HISTORICO_MANUT[[#This Row],[COMPONENTE]]="SIM",TAB_HISTORICO_MANUT[[#This Row],[DURAÇÃO - COMP. MANUAL]]=""),TAB_HISTORICO_MANUT[[#This Row],[Duração Ocorrencia]],TAB_HISTORICO_MANUT[[#This Row],[DURAÇÃO - COMP. MANUAL]]) -> 0 | Y14: 46028.782 | Z14: 46028.839 | AA14: CA1014KS101 | AB14: 202600085645 | AC14: 9010 | AD14: HMC - Hora de Manutenção Corretiva | AE14: HMC - EXEC BORRACHARIA | AF14: Filha | AG14: =IF(TAB_HISTORICO_MANUT[[#This Row],[Hora Inicio]]="","",MONTH(TAB_HISTORICO_MANUT[[#This Row],[Hora Inicio]])) -> 1 | AH14: BAIXA PRESSÃO DE AR DO PNEU - 202600085645 - REALIZADO CALIBRAGEM DO PNEU TRASEIRO DIREITO EXTERNO MT: 81036838 | AI14: LOCOMOCAO | AJ14: RODA TDE | AK14: PNEU | AL14: BAIXA PRESSAO | AM14: CALIBRAR | AN14: Borracharia | AO14: Locomocao - Roda Tde | AP14: Pneu-Pressao
A15: =MONTH(TAB_HISTORICO_MANUT[[#This Row],[Hora Final]])-MONTH(TAB_HISTORICO_MANUT[[#This Row],[Hora Inicio]]) -> 0 | N15: =IF(TAB_HISTORICO_MANUT[[#This Row],[AJUSTE - OCORRENCIA (0 / 1)]]<>"",TAB_HISTORICO_MANUT[[#This Row],[AJUSTE - OCORRENCIA (0 / 1)]],IF(OR(TAB_HISTORICO_MANUT[[#This Row],[Tipo]]="Filha",TAB_HISTORICO_MANUT[[#This Row],[Tipo]]=""),"",IF(AND(TAB_HISTORICO_MANUT[[#This Row],[Hora Inicio]]=Z14,TAB_HISTORICO_MANUT[[#This Row],[Equipamento]]=AA14,TAB_HISTORICO_MANUT[[#This Row],[Descricao Despacho]]=AD14),0,1))) -> 1 | O15: =IF(TAB_HISTORICO_MANUT[[#This Row],[CONT. OCOR.]]="","",IF(TAB_HISTORICO_MANUT[[#This Row],[AJUSTE - SISTEMA]]<>"",TAB_HISTORICO_MANUT[[#This Row],[AJUSTE - SISTEMA]],IFERROR(VLOOKUP(TAB_HISTORICO_MANUT[[#This Row],[Sistema2]]&TAB_HISTORICO_MANUT[[#This Row],[Conjunto]],AJUSTE_PERFIL[#All],2,0),VLOOKUP(TAB_HISTORICO_MANUT[[#This Row],[Sistema2]],AJUSTE_PERFIL[],2,0)))) -> LOCOMOÇÃO | P15: =IF(TAB_HISTORICO_MANUT[[#This Row],[CONT. OCOR.]]="","",IF(TAB_HISTORICO_MANUT[[#This Row],[Ajuste - Cod. Despacho]]="",TAB_HISTORICO_MANUT[[#This Row],[Descricao Despacho]],TAB_HISTORICO_MANUT[[#This Row],[Ajuste - Cod. Despacho]])) -> MPNS - Hora Manutenção Preventiva não Sistemática | Q15: =IF(TAB_HISTORICO_MANUT[[#This Row],[CONT. OCOR.]]="","",IF(TAB_HISTORICO_MANUT[[#This Row],[AJUSTE - BUILD UP]]<>"",TAB_HISTORICO_MANUT[[#This Row],[AJUSTE - BUILD UP]],IF(TAB_HISTORICO_MANUT[[#This Row],[Descricao Despacho]]=LISTAS_APOIO!$I$5,LISTAS_APOIO!$B$3,IF(OR(TAB_HISTORICO_MANUT[[#This Row],[Descricao Despacho]]=LISTAS_APOIO!$I$3,TAB_HISTORICO_MANUT[[#This Row],[Descricao Despacho]]=LISTAS_APOIO!$I$5),VLOOKUP(TAB_HISTORICO_MANUT[[#This Row],[SISTEMA / PERFIL]],APOIO_EXPURGO_BUILD.UP[[Perfil de perdas]:[Build Up Preventia]],2,0),VLOOKUP(TAB_HISTORICO_MANUT[[#This Row],[SISTEMA / PERFIL]],APOIO_EXPURGO_BUILD.UP[[Perfil de perdas]:[Build Up Preventia]],3,0))))) -> Man. Pneus | R15: =IF($Q15="","",(TAB_HISTORICO_MANUT[[#This Row],[Hora Final]]-TAB_HISTORICO_MANUT[[#This Row],[Hora Inicio]])*24) -> 0.46694444 | S15: =IF(TAB_HISTORICO_MANUT[[#This Row],[Tipo]]<>"Mãe","",IF(TAB_HISTORICO_MANUT[[#This Row],[AJUSTE - EXPURGO (S/N)]]<>"",TAB_HISTORICO_MANUT[[#This Row],[AJUSTE - EXPURGO (S/N)]],IF(TAB_HISTORICO_MANUT[[#This Row],[Descricao Despacho]]=LISTAS_APOIO!$I$5,"SIM",IF(ISERROR(VLOOKUP(TAB_HISTORICO_MANUT[[#This Row],[Descricao Manutencao]],EXPURGO_FILHAS[EXPURGO - FILHAS],1,0)),(_xlfn.XLOOKUP(TAB_HISTORICO_MANUT[[#This Row],[SISTEMA / PERFIL]],APOIO_EXPURGO_BUILD.UP[Perfil de perdas],APOIO_EXPURGO_BUILD.UP[Expurgo],"ADICIONAR CÓDIGO",0,1)),"SIM")))) -> NÃO | T15: =IF(AND(TAB_HISTORICO_MANUT[[#This Row],[EXPURGO Mãe]]="SIM",TAB_HISTORICO_MANUT[[#This Row],[Tipo]]="MÃE"),"EXP.MAE",IF(TAB_HISTORICO_MANUT[[#This Row],[EXPURGO Mãe]]="NÃO","NÃO EXP.MAE",T14)) -> NÃO EXP.MAE | U15: =IF(TAB_HISTORICO_MANUT[[#This Row],[CHECK. EXP. MÃE]]="EXP.MAE","NÃO",IF(TAB_HISTORICO_MANUT[[#This Row],[Tipo]]="Filha",IF(TAB_HISTORICO_MANUT[[#This Row],[AJUSTE - EXPURGO (S/N)]]="",(IF(ISERROR(VLOOKUP(TAB_HISTORICO_MANUT[[#This Row],[Descricao Manutencao]],EXPURGO_FILHAS[EXPURGO - FILHAS],1,0)),"NÃO","SIM")),TAB_HISTORICO_MANUT[[#This Row],[AJUSTE - EXPURGO (S/N)]]),"NÃO")) -> NÃO | V15: =IF(TAB_HISTORICO_MANUT[[#This Row],[EXPURGO Filhas]]="SIM",MAX(TAB_HISTORICO_MANUT[[#This Row],[Hora Final]]-TAB_HISTORICO_MANUT[[#This Row],[Hora Inicio]],0),0) -> 0 | W15: =IF(AND((TAB_HISTORICO_MANUT[[#This Row],[DURAÇÃO - PRODUTO MANUAL]]+TAB_HISTORICO_MANUT[[#This Row],[DURAÇÃO - CARTA MANUAL]])=0,OR(TAB_HISTORICO_MANUT[[#This Row],[PRODUTO]]="SIM",TAB_HISTORICO_MANUT[[#This Row],[CARTA]]="SIM")),TAB_HISTORICO_MANUT[[#This Row],[Duração Ocorrencia]],TAB_HISTORICO_MANUT[[#This Row],[DURAÇÃO - PRODUTO MANUAL]]+TAB_HISTORICO_MANUT[[#This Row],[DURAÇÃO - CARTA MANUAL]]) -> 0 | X15: =IF(AND(TAB_HISTORICO_MANUT[[#This Row],[COMPONENTE]]="SIM",TAB_HISTORICO_MANUT[[#This Row],[DURAÇÃO - COMP. MANUAL]]=""),TAB_HISTORICO_MANUT[[#This Row],[Duração Ocorrencia]],TAB_HISTORICO_MANUT[[#This Row],[DURAÇÃO - COMP. MANUAL]]) -> 0 | Y15: 46031.931 | Z15: 46031.951 | AA15: CA1014KS101 | AC15: 8010 | AD15: MPNS - Hora Manutenção Preventiva não Sistemática | AE15: MPNS - EXEC BORRACHARIA | AF15: Mãe | AG15: =IF(TAB_HISTORICO_MANUT[[#This Row],[Hora Inicio]]="","",MONTH(TAB_HISTORICO_MANUT[[#This Row],[Hora Inicio]])) -> 1 | AI15: LOCOMOCAO
A16: =MONTH(TAB_HISTORICO_MANUT[[#This Row],[Hora Final]])-MONTH(TAB_HISTORICO_MANUT[[#This Row],[Hora Inicio]]) -> 0 | M16: SIM | N16: =IF(TAB_HISTORICO_MANUT[[#This Row],[AJUSTE - OCORRENCIA (0 / 1)]]<>"",TAB_HISTORICO_MANUT[[#This Row],[AJUSTE - OCORRENCIA (0 / 1)]],IF(OR(TAB_HISTORICO_MANUT[[#This Row],[Tipo]]="Filha",TAB_HISTORICO_MANUT[[#This Row],[Tipo]]=""),"",IF(AND(TAB_HISTORICO_MANUT[[#This Row],[Hora Inicio]]=Z15,TAB_HISTORICO_MANUT[[#This Row],[Equipamento]]=AA15,TAB_HISTORICO_MANUT[[#This Row],[Descricao Despacho]]=AD15),0,1))) | O16: =IF(TAB_HISTORICO_MANUT[[#This Row],[CONT. OCOR.]]="","",IF(TAB_HISTORICO_MANUT[[#This Row],[AJUSTE - SISTEMA]]<>"",TAB_HISTORICO_MANUT[[#This Row],[AJUSTE - SISTEMA]],IFERROR(VLOOKUP(TAB_HISTORICO_MANUT[[#This Row],[Sistema2]]&TAB_HISTORICO_MANUT[[#This Row],[Conjunto]],AJUSTE_PERFIL[#All],2,0),VLOOKUP(TAB_HISTORICO_MANUT[[#This Row],[Sistema2]],AJUSTE_PERFIL[],2,0)))) | P16: =IF(TAB_HISTORICO_MANUT[[#This Row],[CONT. OCOR.]]="","",IF(TAB_HISTORICO_MANUT[[#This Row],[Ajuste - Cod. Despacho]]="",TAB_HISTORICO_MANUT[[#This Row],[Descricao Despacho]],TAB_HISTORICO_MANUT[[#This Row],[Ajuste - Cod. Despacho]])) | Q16: =IF(TAB_HISTORICO_MANUT[[#This Row],[CONT. OCOR.]]="","",IF(TAB_HISTORICO_MANUT[[#This Row],[AJUSTE - BUILD UP]]<>"",TAB_HISTORICO_MANUT[[#This Row],[AJUSTE - BUILD UP]],IF(TAB_HISTORICO_MANUT[[#This Row],[Descricao Despacho]]=LISTAS_APOIO!$I$5,LISTAS_APOIO!$B$3,IF(OR(TAB_HISTORICO_MANUT[[#This Row],[Descricao Despacho]]=LISTAS_APOIO!$I$3,TAB_HISTORICO_MANUT[[#This Row],[Descricao Despacho]]=LISTAS_APOIO!$I$5),VLOOKUP(TAB_HISTORICO_MANUT[[#This Row],[SISTEMA / PERFIL]],APOIO_EXPURGO_BUILD.UP[[Perfil de perdas]:[Build Up Preventia]],2,0),VLOOKUP(TAB_HISTORICO_MANUT[[#This Row],[SISTEMA / PERFIL]],APOIO_EXPURGO_BUILD.UP[[Perfil de perdas]:[Build Up Preventia]],3,0))))) | R16: =IF($Q16="","",(TAB_HISTORICO_MANUT[[#This Row],[Hora Final]]-TAB_HISTORICO_MANUT[[#This Row],[Hora Inicio]])*24) | S16: =IF(TAB_HISTORICO_MANUT[[#This Row],[Tipo]]<>"Mãe","",IF(TAB_HISTORICO_MANUT[[#This Row],[AJUSTE - EXPURGO (S/N)]]<>"",TAB_HISTORICO_MANUT[[#This Row],[AJUSTE - EXPURGO (S/N)]],IF(TAB_HISTORICO_MANUT[[#This Row],[Descricao Despacho]]=LISTAS_APOIO!$I$5,"SIM",IF(ISERROR(VLOOKUP(TAB_HISTORICO_MANUT[[#This Row],[Descricao Manutencao]],EXPURGO_FILHAS[EXPURGO - FILHAS],1,0)),(_xlfn.XLOOKUP(TAB_HISTORICO_MANUT[[#This Row],[SISTEMA / PERFIL]],APOIO_EXPURGO_BUILD.UP[Perfil de perdas],APOIO_EXPURGO_BUILD.UP[Expurgo],"ADICIONAR CÓDIGO",0,1)),"SIM")))) | T16: =IF(AND(TAB_HISTORICO_MANUT[[#This Row],[EXPURGO Mãe]]="SIM",TAB_HISTORICO_MANUT[[#This Row],[Tipo]]="MÃE"),"EXP.MAE",IF(TAB_HISTORICO_MANUT[[#This Row],[EXPURGO Mãe]]="NÃO","NÃO EXP.MAE",T15)) -> NÃO EXP.MAE | U16: =IF(TAB_HISTORICO_MANUT[[#This Row],[CHECK. EXP. MÃE]]="EXP.MAE","NÃO",IF(TAB_HISTORICO_MANUT[[#This Row],[Tipo]]="Filha",IF(TAB_HISTORICO_MANUT[[#This Row],[AJUSTE - EXPURGO (S/N)]]="",(IF(ISERROR(VLOOKUP(TAB_HISTORICO_MANUT[[#This Row],[Descricao Manutencao]],EXPURGO_FILHAS[EXPURGO - FILHAS],1,0)),"NÃO","SIM")),TAB_HISTORICO_MANUT[[#This Row],[AJUSTE - EXPURGO (S/N)]]),"NÃO")) -> SIM | V16: =IF(TAB_HISTORICO_MANUT[[#This Row],[EXPURGO Filhas]]="SIM",MAX(TAB_HISTORICO_MANUT[[#This Row],[Hora Final]]-TAB_HISTORICO_MANUT[[#This Row],[Hora Inicio]],0),0) -> 0.015623183 | W16: =IF(AND((TAB_HISTORICO_MANUT[[#This Row],[DURAÇÃO - PRODUTO MANUAL]]+TAB_HISTORICO_MANUT[[#This Row],[DURAÇÃO - CARTA MANUAL]])=0,OR(TAB_HISTORICO_MANUT[[#This Row],[PRODUTO]]="SIM",TAB_HISTORICO_MANUT[[#This Row],[CARTA]]="SIM")),TAB_HISTORICO_MANUT[[#This Row],[Duração Ocorrencia]],TAB_HISTORICO_MANUT[[#This Row],[DURAÇÃO - PRODUTO MANUAL]]+TAB_HISTORICO_MANUT[[#This Row],[DURAÇÃO - CARTA MANUAL]]) -> 0 | X16: =IF(AND(TAB_HISTORICO_MANUT[[#This Row],[COMPONENTE]]="SIM",TAB_HISTORICO_MANUT[[#This Row],[DURAÇÃO - COMP. MANUAL]]=""),TAB_HISTORICO_MANUT[[#This Row],[Duração Ocorrencia]],TAB_HISTORICO_MANUT[[#This Row],[DURAÇÃO - COMP. MANUAL]]) -> 0 | Y16: 46031.935 | Z16: 46031.951 | AA16: CA1014KS101 | AC16: 8010 | AD16: MPNS - Hora Manutenção Preventiva não Sistemática | AE16: MPNS - EXEC BORRACHARIA | AF16: Filha | AG16: =IF(TAB_HISTORICO_MANUT[[#This Row],[Hora Inicio]]="","",MONTH(TAB_HISTORICO_MANUT[[#This Row],[Hora Inicio]])) -> 1 | AI16: LOCOMOCAO
A17: =MONTH(TAB_HISTORICO_MANUT[[#This Row],[Hora Final]])-MONTH(TAB_HISTORICO_MANUT[[#This Row],[Hora Inicio]]) -> 0 | N17: =IF(TAB_HISTORICO_MANUT[[#This Row],[AJUSTE - OCORRENCIA (0 / 1)]]<>"",TAB_HISTORICO_MANUT[[#This Row],[AJUSTE - OCORRENCIA (0 / 1)]],IF(OR(TAB_HISTORICO_MANUT[[#This Row],[Tipo]]="Filha",TAB_HISTORICO_MANUT[[#This Row],[Tipo]]=""),"",IF(AND(TAB_HISTORICO_MANUT[[#This Row],[Hora Inicio]]=Z16,TAB_HISTORICO_MANUT[[#This Row],[Equipamento]]=AA16,TAB_HISTORICO_MANUT[[#This Row],[Descricao Despacho]]=AD16),0,1))) -> 1 | O17: =IF(TAB_HISTORICO_MANUT[[#This Row],[CONT. OCOR.]]="","",IF(TAB_HISTORICO_MANUT[[#This Row],[AJUSTE - SISTEMA]]<>"",TAB_HISTORICO_MANUT[[#This Row],[AJUSTE - SISTEMA]],IFERROR(VLOOKUP(TAB_HISTORICO_MANUT[[#This Row],[Sistema2]]&TAB_HISTORICO_MANUT[[#This Row],[Conjunto]],AJUSTE_PERFIL[#All],2,0),VLOOKUP(TAB_HISTORICO_MANUT[[#This Row],[Sistema2]],AJUSTE_PERFIL[],2,0)))) -> LOCOMOÇÃO | P17: =IF(TAB_HISTORICO_MANUT[[#This Row],[CONT. OCOR.]]="","",IF(TAB_HISTORICO_MANUT[[#This Row],[Ajuste - Cod. Despacho]]="",TAB_HISTORICO_MANUT[[#This Row],[Descricao Despacho]],TAB_HISTORICO_MANUT[[#This Row],[Ajuste - Cod. Despacho]])) -> HMC - Hora de Manutenção Corretiva | Q17: =IF(TAB_HISTORICO_MANUT[[#This Row],[CONT. OCOR.]]="","",IF(TAB_HISTORICO_MANUT[[#This Row],[AJUSTE - BUILD UP]]<>"",TAB_HISTORICO_MANUT[[#This Row],[AJUSTE - BUILD UP]],IF(TAB_HISTORICO_MANUT[[#This Row],[Descricao Despacho]]=LISTAS_APOIO!$I$5,LISTAS_APOIO!$B$3,IF(OR(TAB_HISTORICO_MANUT[[#This Row],[Descricao Despacho]]=LISTAS_APOIO!$I$3,TAB_HISTORICO_MANUT[[#This Row],[Descricao Despacho]]=LISTAS_APOIO!$I$5),VLOOKUP(TAB_HISTORICO_MANUT[[#This Row],[SISTEMA / PERFIL]],APOIO_EXPURGO_BUILD.UP[[Perfil de perdas]:[Build Up Preventia]],2,0),VLOOKUP(TAB_HISTORICO_MANUT[[#This Row],[SISTEMA / PERFIL]],APOIO_EXPURGO_BUILD.UP[[Perfil de perdas]:[Build Up Preventia]],3,0))))) -> Man. Pneus | R17: =IF($Q17="","",(TAB_HISTORICO_MANUT[[#This Row],[Hora Final]]-TAB_HISTORICO_MANUT[[#This Row],[Hora Inicio]])*24) -> 6.2930556 | S17: =IF(TAB_HISTORICO_MANUT[[#This Row],[Tipo]]<>"Mãe","",IF(TAB_HISTORICO_MANUT[[#This Row],[AJUSTE - EXPURGO (S/N)]]<>"",TAB_HISTORICO_MANUT[[#This Row],[AJUSTE - EXPURGO (S/N)]],IF(TAB_HISTORICO_MANUT[[#This Row],[Descricao Despacho]]=LISTAS_APOIO!$I$5,"SIM",IF(ISERROR(VLOOKUP(TAB_HISTORICO_MANUT[[#This Row],[Descricao Manutencao]],EXPURGO_FILHAS[EXPURGO - FILHAS],1,0)),(_xlfn.XLOOKUP(TAB_HISTORICO_MANUT[[#This Row],[SISTEMA / PERFIL]],APOIO_EXPURGO_BUILD.UP[Perfil de perdas],APOIO_EXPURGO_BUILD.UP[Expurgo],"ADICIONAR CÓDIGO",0,1)),"SIM")))) -> NÃO | T17: =IF(AND(TAB_HISTORICO_MANUT[[#This Row],[EXPURGO Mãe]]="SIM",TAB_HISTORICO_MANUT[[#This Row],[Tipo]]="MÃE"),"EXP.MAE",IF(TAB_HISTORICO_MANUT[[#This Row],[EXPURGO Mãe]]="NÃO","NÃO EXP.MAE",T16)) -> NÃO EXP.MAE | U17: =IF(TAB_HISTORICO_MANUT[[#This Row],[CHECK. EXP. MÃE]]="EXP.MAE","NÃO",IF(TAB_HISTORICO_MANUT[[#This Row],[Tipo]]="Filha",IF(TAB_HISTORICO_MANUT[[#This Row],[AJUSTE - EXPURGO (S/N)]]="",(IF(ISERROR(VLOOKUP(TAB_HISTORICO_MANUT[[#This Row],[Descricao Manutencao]],EXPURGO_FILHAS[EXPURGO - FILHAS],1,0)),"NÃO","SIM")),TAB_HISTORICO_MANUT[[#This Row],[AJUSTE - EXPURGO (S/N)]]),"NÃO")) -> NÃO | V17: =IF(TAB_HISTORICO_MANUT[[#This Row],[EXPURGO Filhas]]="SIM",MAX(TAB_HISTORICO_MANUT[[#This Row],[Hora Final]]-TAB_HISTORICO_MANUT[[#This Row],[Hora Inicio]],0),0) -> 0 | W17: =IF(AND((TAB_HISTORICO_MANUT[[#This Row],[DURAÇÃO - PRODUTO MANUAL]]+TAB_HISTORICO_MANUT[[#This Row],[DURAÇÃO - CARTA MANUAL]])=0,OR(TAB_HISTORICO_MANUT[[#This Row],[PRODUTO]]="SIM",TAB_HISTORICO_MANUT[[#This Row],[CARTA]]="SIM")),TAB_HISTORICO_MANUT[[#This Row],[Duração Ocorrencia]],TAB_HISTORICO_MANUT[[#This Row],[DURAÇÃO - PRODUTO MANUAL]]+TAB_HISTORICO_MANUT[[#This Row],[DURAÇÃO - CARTA MANUAL]]) -> 0 | X17: =IF(AND(TAB_HISTORICO_MANUT[[#This Row],[COMPONENTE]]="SIM",TAB_HISTORICO_MANUT[[#This Row],[DURAÇÃO - COMP. MANUAL]]=""),TAB_HISTORICO_MANUT[[#This Row],[Duração Ocorrencia]],TAB_HISTORICO_MANUT[[#This Row],[DURAÇÃO - COMP. MANUAL]]) -> 0 | Y17: 46033.835 | Z17: 46034.097 | AA17: CA1014KS101 | AC17: 9010 | AD17: HMC - Hora de Manutenção Corretiva | AE17: HMC - EXEC BORRACHARIA | AF17: Mãe | AG17: =IF(TAB_HISTORICO_MANUT[[#This Row],[Hora Inicio]]="","",MONTH(TAB_HISTORICO_MANUT[[#This Row],[Hora Inicio]])) -> 1 | AH17: BAIXA PRESSÃO DE AR DO PNEU TRASEIRO - 202600184066 CALIBRADO PNEU (TDE) MT: 81036838 | AI17: LOCOMOCAO | AJ17: RODA TDE | AK17: PNEU | AL17: BAIXA PRESSAO | AM17: CALIBRAR
A18: =MONTH(TAB_HISTORICO_MANUT[[#This Row],[Hora Final]])-MONTH(TAB_HISTORICO_MANUT[[#This Row],[Hora Inicio]]) -> 0 | M18: SIM | N18: =IF(TAB_HISTORICO_MANUT[[#This Row],[AJUSTE - OCORRENCIA (0 / 1)]]<>"",TAB_HISTORICO_MANUT[[#This Row],[AJUSTE - OCORRENCIA (0 / 1)]],IF(OR(TAB_HISTORICO_MANUT[[#This Row],[Tipo]]="Filha",TAB_HISTORICO_MANUT[[#This Row],[Tipo]]=""),"",IF(AND(TAB_HISTORICO_MANUT[[#This Row],[Hora Inicio]]=Z17,TAB_HISTORICO_MANUT[[#This Row],[Equipamento]]=AA17,TAB_HISTORICO_MANUT[[#This Row],[Descricao Despacho]]=AD17),0,1))) | O18: =IF(TAB_HISTORICO_MANUT[[#This Row],[CONT. OCOR.]]="","",IF(TAB_HISTORICO_MANUT[[#This Row],[AJUSTE - SISTEMA]]<>"",TAB_HISTORICO_MANUT[[#This Row],[AJUSTE - SISTEMA]],IFERROR(VLOOKUP(TAB_HISTORICO_MANUT[[#This Row],[Sistema2]]&TAB_HISTORICO_MANUT[[#This Row],[Conjunto]],AJUSTE_PERFIL[#All],2,0),VLOOKUP(TAB_HISTORICO_MANUT[[#This Row],[Sistema2]],AJUSTE_PERFIL[],2,0)))) | P18: =IF(TAB_HISTORICO_MANUT[[#This Row],[CONT. OCOR.]]="","",IF(TAB_HISTORICO_MANUT[[#This Row],[Ajuste - Cod. Despacho]]="",TAB_HISTORICO_MANUT[[#This Row],[Descricao Despacho]],TAB_HISTORICO_MANUT[[#This Row],[Ajuste - Cod. Despacho]])) | Q18: =IF(TAB_HISTORICO_MANUT[[#This Row],[CONT. OCOR.]]="","",IF(TAB_HISTORICO_MANUT[[#This Row],[AJUSTE - BUILD UP]]<>"",TAB_HISTORICO_MANUT[[#This Row],[AJUSTE - BUILD UP]],IF(TAB_HISTORICO_MANUT[[#This Row],[Descricao Despacho]]=LISTAS_APOIO!$I$5,LISTAS_APOIO!$B$3,IF(OR(TAB_HISTORICO_MANUT[[#This Row],[Descricao Despacho]]=LISTAS_APOIO!$I$3,TAB_HISTORICO_MANUT[[#This Row],[Descricao Despacho]]=LISTAS_APOIO!$I$5),VLOOKUP(TAB_HISTORICO_MANUT[[#This Row],[SISTEMA / PERFIL]],APOIO_EXPURGO_BUILD.UP[[Perfil de perdas]:[Build Up Preventia]],2,0),VLOOKUP(TAB_HISTORICO_MANUT[[#This Row],[SISTEMA / PERFIL]],APOIO_EXPURGO_BUILD.UP[[Perfil de perdas]:[Build Up Preventia]],3,0))))) | R18: =IF($Q18="","",(TAB_HISTORICO_MANUT[[#This Row],[Hora Final]]-TAB_HISTORICO_MANUT[[#This Row],[Hora Inicio]])*24) | S18: =IF(TAB_HISTORICO_MANUT[[#This Row],[Tipo]]<>"Mãe","",IF(TAB_HISTORICO_MANUT[[#This Row],[AJUSTE - EXPURGO (S/N)]]<>"",TAB_HISTORICO_MANUT[[#This Row],[AJUSTE - EXPURGO (S/N)]],IF(TAB_HISTORICO_MANUT[[#This Row],[Descricao Despacho]]=LISTAS_APOIO!$I$5,"SIM",IF(ISERROR(VLOOKUP(TAB_HISTORICO_MANUT[[#This Row],[Descricao Manutencao]],EXPURGO_FILHAS[EXPURGO - FILHAS],1,0)),(_xlfn.XLOOKUP(TAB_HISTORICO_MANUT[[#This Row],[SISTEMA / PERFIL]],APOIO_EXPURGO_BUILD.UP[Perfil de perdas],APOIO_EXPURGO_BUILD.UP[Expurgo],"ADICIONAR CÓDIGO",0,1)),"SIM")))) | T18: =IF(AND(TAB_HISTORICO_MANUT[[#This Row],[EXPURGO Mãe]]="SIM",TAB_HISTORICO_MANUT[[#This Row],[Tipo]]="MÃE"),"EXP.MAE",IF(TAB_HISTORICO_MANUT[[#This Row],[EXPURGO Mãe]]="NÃO","NÃO EXP.MAE",T17)) -> NÃO EXP.MAE | U18: =IF(TAB_HISTORICO_MANUT[[#This Row],[CHECK. EXP. MÃE]]="EXP.MAE","NÃO",IF(TAB_HISTORICO_MANUT[[#This Row],[Tipo]]="Filha",IF(TAB_HISTORICO_MANUT[[#This Row],[AJUSTE - EXPURGO (S/N)]]="",(IF(ISERROR(VLOOKUP(TAB_HISTORICO_MANUT[[#This Row],[Descricao Manutencao]],EXPURGO_FILHAS[EXPURGO - FILHAS],1,0)),"NÃO","SIM")),TAB_HISTORICO_MANUT[[#This Row],[AJUSTE - EXPURGO (S/N)]]),"NÃO")) -> SIM | V18: =IF(TAB_HISTORICO_MANUT[[#This Row],[EXPURGO Filhas]]="SIM",MAX(TAB_HISTORICO_MANUT[[#This Row],[Hora Final]]-TAB_HISTORICO_MANUT[[#This Row],[Hora Inicio]],0),0) -> 0.21055515 | W18: =IF(AND((TAB_HISTORICO_MANUT[[#This Row],[DURAÇÃO - PRODUTO MANUAL]]+TAB_HISTORICO_MANUT[[#This Row],[DURAÇÃO - CARTA MANUAL]])=0,OR(TAB_HISTORICO_MANUT[[#This Row],[PRODUTO]]="SIM",TAB_HISTORICO_MANUT[[#This Row],[CARTA]]="SIM")),TAB_HISTORICO_MANUT[[#This Row],[Duração Ocorrencia]],TAB_HISTORICO_MANUT[[#This Row],[DURAÇÃO - PRODUTO MANUAL]]+TAB_HISTORICO_MANUT[[#This Row],[DURAÇÃO - CARTA MANUAL]]) -> 0 | X18: =IF(AND(TAB_HISTORICO_MANUT[[#This Row],[COMPONENTE]]="SIM",TAB_HISTORICO_MANUT[[#This Row],[DURAÇÃO - COMP. MANUAL]]=""),TAB_HISTORICO_MANUT[[#This Row],[Duração Ocorrencia]],TAB_HISTORICO_MANUT[[#This Row],[DURAÇÃO - COMP. MANUAL]]) -> 0 | Y18: 46033.886 | Z18: 46034.097 | AA18: CA1014KS101 | AC18: 9010 | AD18: HMC - Hora de Manutenção Corretiva | AE18: HMC - EXEC BORRACHARIA | AF18: Filha | AG18: =IF(TAB_HISTORICO_MANUT[[#This Row],[Hora Inicio]]="","",MONTH(TAB_HISTORICO_MANUT[[#This Row],[Hora Inicio]])) -> 1 | AH18: BAIXA PRESSÃO DE AR DO PNEU TRASEIRO - 202600184066 CALIBRADO PNEU (TDE) MT: 81036838 | AI18: LOCOMOCAO | AJ18: RODA TDE | AK18: PNEU | AL18: BAIXA PRESSAO | AM18: CALIBRAR
A19: =MONTH(TAB_HISTORICO_MANUT[[#This Row],[Hora Final]])-MONTH(TAB_HISTORICO_MANUT[[#This Row],[Hora Inicio]]) -> 0 | N19: =IF(TAB_HISTORICO_MANUT[[#This Row],[AJUSTE - OCORRENCIA (0 / 1)]]<>"",TAB_HISTORICO_MANUT[[#This Row],[AJUSTE - OCORRENCIA (0 / 1)]],IF(OR(TAB_HISTORICO_MANUT[[#This Row],[Tipo]]="Filha",TAB_HISTORICO_MANUT[[#This Row],[Tipo]]=""),"",IF(AND(TAB_HISTORICO_MANUT[[#This Row],[Hora Inicio]]=Z18,TAB_HISTORICO_MANUT[[#This Row],[Equipamento]]=AA18,TAB_HISTORICO_MANUT[[#This Row],[Descricao Despacho]]=AD18),0,1))) -> 1 | O19: =IF(TAB_HISTORICO_MANUT[[#This Row],[CONT. OCOR.]]="","",IF(TAB_HISTORICO_MANUT[[#This Row],[AJUSTE - SISTEMA]]<>"",TAB_HISTORICO_MANUT[[#This Row],[AJUSTE - SISTEMA]],IFERROR(VLOOKUP(TAB_HISTORICO_MANUT[[#This Row],[Sistema2]]&TAB_HISTORICO_MANUT[[#This Row],[Conjunto]],AJUSTE_PERFIL[#All],2,0),VLOOKUP(TAB_HISTORICO_MANUT[[#This Row],[Sistema2]],AJUSTE_PERFIL[],2,0)))) -> COMUNICACAO | P19: =IF(TAB_HISTORICO_MANUT[[#This Row],[CONT. OCOR.]]="","",IF(TAB_HISTORICO_MANUT[[#This Row],[Ajuste - Cod. Despacho]]="",TAB_HISTORICO_MANUT[[#This Row],[Descricao Despacho]],TAB_HISTORICO_MANUT[[#This Row],[Ajuste - Cod. Despacho]])) -> HMC - Hora de Manutenção Corretiva | Q19: =IF(TAB_HISTORICO_MANUT[[#This Row],[CONT. OCOR.]]="","",IF(TAB_HISTORICO_MANUT[[#This Row],[AJUSTE - BUILD UP]]<>"",TAB_HISTORICO_MANUT[[#This Row],[AJUSTE - BUILD UP]],IF(TAB_HISTORICO_MANUT[[#This Row],[Descricao Despacho]]=LISTAS_APOIO!$I$5,LISTAS_APOIO!$B$3,IF(OR(TAB_HISTORICO_MANUT[[#This Row],[Descricao Despacho]]=LISTAS_APOIO!$I$3,TAB_HISTORICO_MANUT[[#This Row],[Descricao Despacho]]=LISTAS_APOIO!$I$5),VLOOKUP(TAB_HISTORICO_MANUT[[#This Row],[SISTEMA / PERFIL]],APOIO_EXPURGO_BUILD.UP[[Perfil de perdas]:[Build Up Preventia]],2,0),VLOOKUP(TAB_HISTORICO_MANUT[[#This Row],[SISTEMA / PERFIL]],APOIO_EXPURGO_BUILD.UP[[Perfil de perdas]:[Build Up Preventia]],3,0))))) -> Acessórios | R19: =IF($Q19="","",(TAB_HISTORICO_MANUT[[#This Row],[Hora Final]]-TAB_HISTORICO_MANUT[[#This Row],[Hora Inicio]])*24) -> 1.4705556 | S19: =IF(TAB_HISTORICO_MANUT[[#This Row],[Tipo]]<>"Mãe","",IF(TAB_HISTORICO_MANUT[[#This Row],[AJUSTE - EXPURGO (S/N)]]<>"",TAB_HISTORICO_MANUT[[#This Row],[AJUSTE - EXPURGO (S/N)]],IF(TAB_HISTORICO_MANUT[[#This Row],[Descricao Despacho]]=LISTAS_APOIO!$I$5,"SIM",IF(ISERROR(VLOOKUP(TAB_HISTORICO_MANUT[[#This Row],[Descricao Manutencao]],EXPURGO_FILHAS[EXPURGO - FILHAS],1,0)),(_xlfn.XLOOKUP(TAB_HISTORICO_MANUT[[#This Row],[SISTEMA / PERFIL]],APOIO_EXPURGO_BUILD.UP[Perfil de perdas],APOIO_EXPURGO_BUILD.UP[Expurgo],"ADICIONAR CÓDIGO",0,1)),"SIM")))) -> SIM | T19: =IF(AND(TAB_HISTORICO_MANUT[[#This Row],[EXPURGO Mãe]]="SIM",TAB_HISTORICO_MANUT[[#This Row],[Tipo]]="MÃE"),"EXP.MAE",IF(TAB_HISTORICO_MANUT[[#This Row],[EXPURGO Mãe]]="NÃO","NÃO EXP.MAE",T18)) -> EXP.MAE | U19: =IF(TAB_HISTORICO_MANUT[[#This Row],[CHECK. EXP. MÃE]]="EXP.MAE","NÃO",IF(TAB_HISTORICO_MANUT[[#This Row],[Tipo]]="Filha",IF(TAB_HISTORICO_MANUT[[#This Row],[AJUSTE - EXPURGO (S/N)]]="",(IF(ISERROR(VLOOKUP(TAB_HISTORICO_MANUT[[#This Row],[Descricao Manutencao]],EXPURGO_FILHAS[EXPURGO - FILHAS],1,0)),"NÃO","SIM")),TAB_HISTORICO_MANUT[[#This Row],[AJUSTE - EXPURGO (S/N)]]),"NÃO")) -> NÃO | V19: =IF(TAB_HISTORICO_MANUT[[#This Row],[EXPURGO Filhas]]="SIM",MAX(TAB_HISTORICO_MANUT[[#This Row],[Hora Final]]-TAB_HISTORICO_MANUT[[#This Row],[Hora Inicio]],0),0) -> 0 | W19: =IF(AND((TAB_HISTORICO_MANUT[[#This Row],[DURAÇÃO - PRODUTO MANUAL]]+TAB_HISTORICO_MANUT[[#This Row],[DURAÇÃO - CARTA MANUAL]])=0,OR(TAB_HISTORICO_MANUT[[#This Row],[PRODUTO]]="SIM",TAB_HISTORICO_MANUT[[#This Row],[CARTA]]="SIM")),TAB_HISTORICO_MANUT[[#This Row],[Duração Ocorrencia]],TAB_HISTORICO_MANUT[[#This Row],[DURAÇÃO - PRODUTO MANUAL]]+TAB_HISTORICO_MANUT[[#This Row],[DURAÇÃO - CARTA MANUAL]]) -> 0 | X19: =IF(AND(TAB_HISTORICO_MANUT[[#This Row],[COMPONENTE]]="SIM",TAB_HISTORICO_MANUT[[#This Row],[DURAÇÃO - COMP. MANUAL]]=""),TAB_HISTORICO_MANUT[[#This Row],[Duração Ocorrencia]],TAB_HISTORICO_MANUT[[#This Row],[DURAÇÃO - COMP. MANUAL]]) -> 0 | Y19: 46035.981 | Z19: 46036.042 | AA19: CA1014KS101 | AB19: 202600221471 | AC19: 9032 | AD19: HMC - Hora de Manutenção Corretiva | AE19: HMC - EXEC TERCEIROS TRABALHANDO | AF19: Mãe | AG19: =IF(TAB_HISTORICO_MANUT[[#This Row],[Hora Inicio]]="","",MONTH(TAB_HISTORICO_MANUT[[#This Row],[Hora Inicio]])) -> 1 | AH19: falha no exagon/ERRO DE COMUNICAÇÃO - 202600221471 REALIZADO LIMPEZA NA PORTA FUSIVEL MT: 938 | AI19: COMUNICACAO | AJ19: COMUNICACAO | AK19: PORTA FUSIVEL | AL19: SUJEIRA | AM19: LIMPAR | AN19: Automação | AO19: Rádio Lte - Fonte Queimada | AP19: Rádio - Sem Alimentação
A20: =MONTH(TAB_HISTORICO_MANUT[[#This Row],[Hora Final]])-MONTH(TAB_HISTORICO_MANUT[[#This Row],[Hora Inicio]]) -> 0 | M20: NÃO | N20: =IF(TAB_HISTORICO_MANUT[[#This Row],[AJUSTE - OCORRENCIA (0 / 1)]]<>"",TAB_HISTORICO_MANUT[[#This Row],[AJUSTE - OCORRENCIA (0 / 1)]],IF(OR(TAB_HISTORICO_MANUT[[#This Row],[Tipo]]="Filha",TAB_HISTORICO_MANUT[[#This Row],[Tipo]]=""),"",IF(AND(TAB_HISTORICO_MANUT[[#This Row],[Hora Inicio]]=Z19,TAB_HISTORICO_MANUT[[#This Row],[Equipamento]]=AA19,TAB_HISTORICO_MANUT[[#This Row],[Descricao Despacho]]=AD19),0,1))) -> 1 | O20: =IF(TAB_HISTORICO_MANUT[[#This Row],[CONT. OCOR.]]="","",IF(TAB_HISTORICO_MANUT[[#This Row],[AJUSTE - SISTEMA]]<>"",TAB_HISTORICO_MANUT[[#This Row],[AJUSTE - SISTEMA]],IFERROR(VLOOKUP(TAB_HISTORICO_MANUT[[#This Row],[Sistema2]]&TAB_HISTORICO_MANUT[[#This Row],[Conjunto]],AJUSTE_PERFIL[#All],2,0),VLOOKUP(TAB_HISTORICO_MANUT[[#This Row],[Sistema2]],AJUSTE_PERFIL[],2,0)))) -> LOCOMOÇÃO | P20: =IF(TAB_HISTORICO_MANUT[[#This Row],[CONT. OCOR.]]="","",IF(TAB_HISTORICO_MANUT[[#This Row],[Ajuste - Cod. Despacho]]="",TAB_HISTORICO_MANUT[[#This Row],[Descricao Despacho]],TAB_HISTORICO_MANUT[[#This Row],[Ajuste - Cod. Despacho]])) -> MPNS - Hora Manutenção Preventiva não Sistemática | Q20: =IF(TAB_HISTORICO_MANUT[[#This Row],[CONT. OCOR.]]="","",IF(TAB_HISTORICO_MANUT[[#This Row],[AJUSTE - BUILD UP]]<>"",TAB_HISTORICO_MANUT[[#This Row],[AJUSTE - BUILD UP]],IF(TAB_HISTORICO_MANUT[[#This Row],[Descricao Despacho]]=LISTAS_APOIO!$I$5,LISTAS_APOIO!$B$3,IF(OR(TAB_HISTORICO_MANUT[[#This Row],[Descricao Despacho]]=LISTAS_APOIO!$I$3,TAB_HISTORICO_MANUT[[#This Row],[Descricao Despacho]]=LISTAS_APOIO!$I$5),VLOOKUP(TAB_HISTORICO_MANUT[[#This Row],[SISTEMA / PERFIL]],APOIO_EXPURGO_BUILD.UP[[Perfil de perdas]:[Build Up Preventia]],2,0),VLOOKUP(TAB_HISTORICO_MANUT[[#This Row],[SISTEMA / PERFIL]],APOIO_EXPURGO_BUILD.UP[[Perfil de perdas]:[Build Up Preventia]],3,0))))) -> Man. Pneus | R20: =IF($Q20="","",(TAB_HISTORICO_MANUT[[#This Row],[Hora Final]]-TAB_HISTORICO_MANUT[[#This Row],[Hora Inicio]])*24) -> 3.1433333 | S20: =IF(TAB_HISTORICO_MANUT[[#This Row],[Tipo]]<>"Mãe","",IF(TAB_HISTORICO_MANUT[[#This Row],[AJUSTE - EXPURGO (S/N)]]<>"",TAB_HISTORICO_MANUT[[#This Row],[AJUSTE - EXPURGO (S/N)]],IF(TAB_HISTORICO_MANUT[[#This Row],[Descricao Despacho]]=LISTAS_APOIO!$I$5,"SIM",IF(ISERROR(VLOOKUP(TAB_HISTORICO_MANUT[[#This Row],[Descricao Manutencao]],EXPURGO_FILHAS[EXPURGO - FILHAS],1,0)),(_xlfn.XLOOKUP(TAB_HISTORICO_MANUT[[#This Row],[SISTEMA / PERFIL]],APOIO_EXPURGO_BUILD.UP[Perfil de perdas],APOIO_EXPURGO_BUILD.UP[Expurgo],"ADICIONAR CÓDIGO",0,1)),"SIM")))) -> NÃO | T20: =IF(AND(TAB_HISTORICO_MANUT[[#This Row],[EXPURGO Mãe]]="SIM",TAB_HISTORICO_MANUT[[#This Row],[Tipo]]="MÃE"),"EXP.MAE",IF(TAB_HISTORICO_MANUT[[#This Row],[EXPURGO Mãe]]="NÃO","NÃO EXP.MAE",T19)) -> NÃO EXP.MAE | U20: =IF(TAB_HISTORICO_MANUT[[#This Row],[CHECK. EXP. MÃE]]="EXP.MAE","NÃO",IF(TAB_HISTORICO_MANUT[[#This Row],[Tipo]]="Filha",IF(TAB_HISTORICO_MANUT[[#This Row],[AJUSTE - EXPURGO (S/N)]]="",(IF(ISERROR(VLOOKUP(TAB_HISTORICO_MANUT[[#This Row],[Descricao Manutencao]],EXPURGO_FILHAS[EXPURGO - FILHAS],1,0)),"NÃO","SIM")),TAB_HISTORICO_MANUT[[#This Row],[AJUSTE - EXPURGO (S/N)]]),"NÃO")) -> NÃO | V20: =IF(TAB_HISTORICO_MANUT[[#This Row],[EXPURGO Filhas]]="SIM",MAX(TAB_HISTORICO_MANUT[[#This Row],[Hora Final]]-TAB_HISTORICO_MANUT[[#This Row],[Hora Inicio]],0),0) -> 0 | W20: =IF(AND((TAB_HISTORICO_MANUT[[#This Row],[DURAÇÃO - PRODUTO MANUAL]]+TAB_HISTORICO_MANUT[[#This Row],[DURAÇÃO - CARTA MANUAL]])=0,OR(TAB_HISTORICO_MANUT[[#This Row],[PRODUTO]]="SIM",TAB_HISTORICO_MANUT[[#This Row],[CARTA]]="SIM")),TAB_HISTORICO_MANUT[[#This Row],[Duração Ocorrencia]],TAB_HISTORICO_MANUT[[#This Row],[DURAÇÃO - PRODUTO MANUAL]]+TAB_HISTORICO_MANUT[[#This Row],[DURAÇÃO - CARTA MANUAL]]) -> 0 | X20: =IF(AND(TAB_HISTORICO_MANUT[[#This Row],[COMPONENTE]]="SIM",TAB_HISTORICO_MANUT[[#This Row],[DURAÇÃO - COMP. MANUAL]]=""),TAB_HISTORICO_MANUT[[#This Row],[Duração Ocorrencia]],TAB_HISTORICO_MANUT[[#This Row],[DURAÇÃO - COMP. MANUAL]]) -> 0 | Y20: 46037.955 | Z20: 46038.086 | AA20: CA1014KS101 | AC20: 8110 | AD20: MPNS - Hora Manutenção Preventiva não Sistemática | AE20: MPNS - AG BORRACHARIA | AF20: Mãe | AG20: =IF(TAB_HISTORICO_MANUT[[#This Row],[Hora Inicio]]="","",MONTH(TAB_HISTORICO_MANUT[[#This Row],[Hora Inicio]])) -> 1 | AH20: BAIXA PRESSÃO DO PNEU, PDE | AI20: LOCOMOCAO | AJ20: RODA DE | AK20: PNEU | AL20: BAIXA PRESSAO | AM20: CALIBRAR
A21: =MONTH(TAB_HISTORICO_MANUT[[#This Row],[Hora Final]])-MONTH(TAB_HISTORICO_MANUT[[#This Row],[Hora Inicio]]) -> 0 | M21: SIM | N21: =IF(TAB_HISTORICO_MANUT[[#This Row],[AJUSTE - OCORRENCIA (0 / 1)]]<>"",TAB_HISTORICO_MANUT[[#This Row],[AJUSTE - OCORRENCIA (0 / 1)]],IF(OR(TAB_HISTORICO_MANUT[[#This Row],[Tipo]]="Filha",TAB_HISTORICO_MANUT[[#This Row],[Tipo]]=""),"",IF(AND(TAB_HISTORICO_MANUT[[#This Row],[Hora Inicio]]=Z20,TAB_HISTORICO_MANUT[[#This Row],[Equipamento]]=AA20,TAB_HISTORICO_MANUT[[#This Row],[Descricao Despacho]]=AD20),0,1))) | O21: =IF(TAB_HISTORICO_MANUT[[#This Row],[CONT. OCOR.]]="","",IF(TAB_HISTORICO_MANUT[[#This Row],[AJUSTE - SISTEMA]]<>"",TAB_HISTORICO_MANUT[[#This Row],[AJUSTE - SISTEMA]],IFERROR(VLOOKUP(TAB_HISTORICO_MANUT[[#This Row],[Sistema2]]&TAB_HISTORICO_MANUT[[#This Row],[Conjunto]],AJUSTE_PERFIL[#All],2,0),VLOOKUP(TAB_HISTORICO_MANUT[[#This Row],[Sistema2]],AJUSTE_PERFIL[],2,0)))) | P21: =IF(TAB_HISTORICO_MANUT[[#This Row],[CONT. OCOR.]]="","",IF(TAB_HISTORICO_MANUT[[#This Row],[Ajuste - Cod. Despacho]]="",TAB_HISTORICO_MANUT[[#This Row],[Descricao Despacho]],TAB_HISTORICO_MANUT[[#This Row],[Ajuste - Cod. Despacho]])) | Q21: =IF(TAB_HISTORICO_MANUT[[#This Row],[CONT. OCOR.]]="","",IF(TAB_HISTORICO_MANUT[[#This Row],[AJUSTE - BUILD UP]]<>"",TAB_HISTORICO_MANUT[[#This Row],[AJUSTE - BUILD UP]],IF(TAB_HISTORICO_MANUT[[#This Row],[Descricao Despacho]]=LISTAS_APOIO!$I$5,LISTAS_APOIO!$B$3,IF(OR(TAB_HISTORICO_MANUT[[#This Row],[Descricao Despacho]]=LISTAS_APOIO!$I$3,TAB_HISTORICO_MANUT[[#This Row],[Descricao Despacho]]=LISTAS_APOIO!$I$5),VLOOKUP(TAB_HISTORICO_MANUT[[#This Row],[SISTEMA / PERFIL]],APOIO_EXPURGO_BUILD.UP[[Perfil de perdas]:[Build Up Preventia]],2,0),VLOOKUP(TAB_HISTORICO_MANUT[[#This Row],[SISTEMA / PERFIL]],APOIO_EXPURGO_BUILD.UP[[Perfil de perdas]:[Build Up Preventia]],3,0))))) | R21: =IF($Q21="","",(TAB_HISTORICO_MANUT[[#This Row],[Hora Final]]-TAB_HISTORICO_MANUT[[#This Row],[Hora Inicio]])*24) | S21: =IF(TAB_HISTORICO_MANUT[[#This Row],[Tipo]]<>"Mãe","",IF(TAB_HISTORICO_MANUT[[#This Row],[AJUSTE - EXPURGO (S/N)]]<>"",TAB_HISTORICO_MANUT[[#This Row],[AJUSTE - EXPURGO (S/N)]],IF(TAB_HISTORICO_MANUT[[#This Row],[Descricao Despacho]]=LISTAS_APOIO!$I$5,"SIM",IF(ISERROR(VLOOKUP(TAB_HISTORICO_MANUT[[#This Row],[Descricao Manutencao]],EXPURGO_FILHAS[EXPURGO - FILHAS],1,0)),(_xlfn.XLOOKUP(TAB_HISTORICO_MANUT[[#This Row],[SISTEMA / PERFIL]],APOIO_EXPURGO_BUILD.UP[Perfil de perdas],APOIO_EXPURGO_BUILD.UP[Expurgo],"ADICIONAR CÓDIGO",0,1)),"SIM")))) | T21: =IF(AND(TAB_HISTORICO_MANUT[[#This Row],[EXPURGO Mãe]]="SIM",TAB_HISTORICO_MANUT[[#This Row],[Tipo]]="MÃE"),"EXP.MAE",IF(TAB_HISTORICO_MANUT[[#This Row],[EXPURGO Mãe]]="NÃO","NÃO EXP.MAE",T20)) -> NÃO EXP.MAE | U21: =IF(TAB_HISTORICO_MANUT[[#This Row],[CHECK. EXP. MÃE]]="EXP.MAE","NÃO",IF(TAB_HISTORICO_MANUT[[#This Row],[Tipo]]="Filha",IF(TAB_HISTORICO_MANUT[[#This Row],[AJUSTE - EXPURGO (S/N)]]="",(IF(ISERROR(VLOOKUP(TAB_HISTORICO_MANUT[[#This Row],[Descricao Manutencao]],EXPURGO_FILHAS[EXPURGO - FILHAS],1,0)),"NÃO","SIM")),TAB_HISTORICO_MANUT[[#This Row],[AJUSTE - EXPURGO (S/N)]]),"NÃO")) -> SIM | V21: =IF(TAB_HISTORICO_MANUT[[#This Row],[EXPURGO Filhas]]="SIM",MAX(TAB_HISTORICO_MANUT[[#This Row],[Hora Final]]-TAB_HISTORICO_MANUT[[#This Row],[Hora Inicio]],0),0) -> 0.10517069 | W21: =IF(AND((TAB_HISTORICO_MANUT[[#This Row],[DURAÇÃO - PRODUTO MANUAL]]+TAB_HISTORICO_MANUT[[#This Row],[DURAÇÃO - CARTA MANUAL]])=0,OR(TAB_HISTORICO_MANUT[[#This Row],[PRODUTO]]="SIM",TAB_HISTORICO_MANUT[[#This Row],[CARTA]]="SIM")),TAB_HISTORICO_MANUT[[#This Row],[Duração Ocorrencia]],TAB_HISTORICO_MANUT[[#This Row],[DURAÇÃO - PRODUTO MANUAL]]+TAB_HISTORICO_MANUT[[#This Row],[DURAÇÃO - CARTA MANUAL]]) -> 0 | X21: =IF(AND(TAB_HISTORICO_MANUT[[#This Row],[COMPONENTE]]="SIM",TAB_HISTORICO_MANUT[[#This Row],[DURAÇÃO - COMP. MANUAL]]=""),TAB_HISTORICO_MANUT[[#This Row],[Duração Ocorrencia]],TAB_HISTORICO_MANUT[[#This Row],[DURAÇÃO - COMP. MANUAL]]) -> 0 | Y21: 46037.981 | Z21: 46038.086 | AA21: CA1014KS101 | AC21: 8110 | AD21: MPNS - Hora Manutenção Preventiva não Sistemática | AE21: MPNS - AG BORRACHARIA | AF21: Filha | AG21: =IF(TAB_HISTORICO_MANUT[[#This Row],[Hora Inicio]]="","",MONTH(TAB_HISTORICO_MANUT[[#This Row],[Hora Inicio]])) -> 1 | AH21: BAIXA PRESSÃO DO PNEU, PDE | AI21: LOCOMOCAO | AJ21: RODA DE | AK21: PNEU | AL21: BAIXA PRESSAO | AM21: CALIBRAR
A22: =MONTH(TAB_HISTORICO_MANUT[[#This Row],[Hora Final]])-MONTH(TAB_HISTORICO_MANUT[[#This Row],[Hora Inicio]]) -> 0 | N22: =IF(TAB_HISTORICO_MANUT[[#This Row],[AJUSTE - OCORRENCIA (0 / 1)]]<>"",TAB_HISTORICO_MANUT[[#This Row],[AJUSTE - OCORRENCIA (0 / 1)]],IF(OR(TAB_HISTORICO_MANUT[[#This Row],[Tipo]]="Filha",TAB_HISTORICO_MANUT[[#This Row],[Tipo]]=""),"",IF(AND(TAB_HISTORICO_MANUT[[#This Row],[Hora Inicio]]=Z21,TAB_HISTORICO_MANUT[[#This Row],[Equipamento]]=AA21,TAB_HISTORICO_MANUT[[#This Row],[Descricao Despacho]]=AD21),0,1))) -> 1 | O22: =IF(TAB_HISTORICO_MANUT[[#This Row],[CONT. OCOR.]]="","",IF(TAB_HISTORICO_MANUT[[#This Row],[AJUSTE - SISTEMA]]<>"",TAB_HISTORICO_MANUT[[#This Row],[AJUSTE - SISTEMA]],IFERROR(VLOOKUP(TAB_HISTORICO_MANUT[[#This Row],[Sistema2]]&TAB_HISTORICO_MANUT[[#This Row],[Conjunto]],AJUSTE_PERFIL[#All],2,0),VLOOKUP(TAB_HISTORICO_MANUT[[#This Row],[Sistema2]],AJUSTE_PERFIL[],2,0)))) -> MOTOR DE COMBUSTÃO | P22: =IF(TAB_HISTORICO_MANUT[[#This Row],[CONT. OCOR.]]="","",IF(TAB_HISTORICO_MANUT[[#This Row],[Ajuste - Cod. Despacho]]="",TAB_HISTORICO_MANUT[[#This Row],[Descricao Despacho]],TAB_HISTORICO_MANUT[[#This Row],[Ajuste - Cod. Despacho]])) -> HMC - Hora de Manutenção Corretiva | Q22: =IF(TAB_HISTORICO_MANUT[[#This Row],[CONT. OCOR.]]="","",IF(TAB_HISTORICO_MANUT[[#This Row],[AJUSTE - BUILD UP]]<>"",TAB_HISTORICO_MANUT[[#This Row],[AJUSTE - BUILD UP]],IF(TAB_HISTORICO_MANUT[[#This Row],[Descricao Despacho]]=LISTAS_APOIO!$I$5,LISTAS_APOIO!$B$3,IF(OR(TAB_HISTORICO_MANUT[[#This Row],[Descricao Despacho]]=LISTAS_APOIO!$I$3,TAB_HISTORICO_MANUT[[#This Row],[Descricao Despacho]]=LISTAS_APOIO!$I$5),VLOOKUP(TAB_HISTORICO_MANUT[[#This Row],[SISTEMA / PERFIL]],APOIO_EXPURGO_BUILD.UP[[Perfil de perdas]:[Build Up Preventia]],2,0),VLOOKUP(TAB_HISTORICO_MANUT[[#This Row],[SISTEMA / PERFIL]],APOIO_EXPURGO_BUILD.UP[[Perfil de perdas]:[Build Up Preventia]],3,0))))) -> Corretivas | R22: =IF($Q22="","",(TAB_HISTORICO_MANUT[[#This Row],[Hora Final]]-TAB_HISTORICO_MANUT[[#This Row],[Hora Inicio]])*24) -> 3.4966667 | S22: =IF(TAB_HISTORICO_MANUT[[#This Row],[Tipo]]<>"Mãe","",IF(TAB_HISTORICO_MANUT[[#This Row],[AJUSTE - EXPURGO (S/N)]]<>"",TAB_HISTORICO_MANUT[[#This Row],[AJUSTE - EXPURGO (S/N)]],IF(TAB_HISTORICO_MANUT[[#This Row],[Descricao Despacho]]=LISTAS_APOIO!$I$5,"SIM",IF(ISERROR(VLOOKUP(TAB_HISTORICO_MANUT[[#This Row],[Descricao Manutencao]],EXPURGO_FILHAS[EXPURGO - FILHAS],1,0)),(_xlfn.XLOOKUP(TAB_HISTORICO_MANUT[[#This Row],[SISTEMA / PERFIL]],APOIO_EXPURGO_BUILD.UP[Perfil de perdas],APOIO_EXPURGO_BUILD.UP[Expurgo],"ADICIONAR CÓDIGO",0,1)),"SIM")))) -> NÃO | T22: =IF(AND(TAB_HISTORICO_MANUT[[#This Row],[EXPURGO Mãe]]="SIM",TAB_HISTORICO_MANUT[[#This Row],[Tipo]]="MÃE"),"EXP.MAE",IF(TAB_HISTORICO_MANUT[[#This Row],[EXPURGO Mãe]]="NÃO","NÃO EXP.MAE",T21)) -> NÃO EXP.MAE | U22: =IF(TAB_HISTORICO_MANUT[[#This Row],[CHECK. EXP. MÃE]]="EXP.MAE","NÃO",IF(TAB_HISTORICO_MANUT[[#This Row],[Tipo]]="Filha",IF(TAB_HISTORICO_MANUT[[#This Row],[AJUSTE - EXPURGO (S/N)]]="",(IF(ISERROR(VLOOKUP(TAB_HISTORICO_MANUT[[#This Row],[Descricao Manutencao]],EXPURGO_FILHAS[EXPURGO - FILHAS],1,0)),"NÃO","SIM")),TAB_HISTORICO_MANUT[[#This Row],[AJUSTE - EXPURGO (S/N)]]),"NÃO")) -> NÃO | V22: =IF(TAB_HISTORICO_MANUT[[#This Row],[EXPURGO Filhas]]="SIM",MAX(TAB_HISTORICO_MANUT[[#This Row],[Hora Final]]-TAB_HISTORICO_MANUT[[#This Row],[Hora Inicio]],0),0) -> 0 | W22: =IF(AND((TAB_HISTORICO_MANUT[[#This Row],[DURAÇÃO - PRODUTO MANUAL]]+TAB_HISTORICO_MANUT[[#This Row],[DURAÇÃO - CARTA MANUAL]])=0,OR(TAB_HISTORICO_MANUT[[#This Row],[PRODUTO]]="SIM",TAB_HISTORICO_MANUT[[#This Row],[CARTA]]="SIM")),TAB_HISTORICO_MANUT[[#This Row],[Duração Ocorrencia]],TAB_HISTORICO_MANUT[[#This Row],[DURAÇÃO - PRODUTO MANUAL]]+TAB_HISTORICO_MANUT[[#This Row],[DURAÇÃO - CARTA MANUAL]]) -> 0 | X22: =IF(AND(TAB_HISTORICO_MANUT[[#This Row],[COMPONENTE]]="SIM",TAB_HISTORICO_MANUT[[#This Row],[DURAÇÃO - COMP. MANUAL]]=""),TAB_HISTORICO_MANUT[[#This Row],[Duração Ocorrencia]],TAB_HISTORICO_MANUT[[#This Row],[DURAÇÃO - COMP. MANUAL]]) -> 0 | Y22: 46039.773 | Z22: 46039.919 | AA22: CA1014KS101 | AB22: 202600308019 | AC22: 9000 | AD22: HMC - Hora de Manutenção Corretiva | AE22: HMC - EXEC MANUT | AF22: Mãe | AG22: =IF(TAB_HISTORICO_MANUT[[#This Row],[Hora Inicio]]="","",MONTH(TAB_HISTORICO_MANUT[[#This Row],[Hora Inicio]])) -> 1 | AH22: BAIXA PRESSÃO DO OLEO DO MOTOR - 202600308019 ( agrd comboio 19:50) COMPLETADO NIVEL DO OLEO HD MT: 1150588 | AI22: MOTOR DE COMBUSTAO | AJ22: LUBRIFICACAO | AK22: OLEO | AL22: BAIXO NIVEL | AM22: COMPLETAR | AN22: Mecânica | AO22: Estrutura - Tanque Oleo | AP22: Oleo
A23: =MONTH(TAB_HISTORICO_MANUT[[#This Row],[Hora Final]])-MONTH(TAB_HISTORICO_MANUT[[#This Row],[Hora Inicio]]) -> 0 | N23: =IF(TAB_HISTORICO_MANUT[[#This Row],[AJUSTE - OCORRENCIA (0 / 1)]]<>"",TAB_HISTORICO_MANUT[[#This Row],[AJUSTE - OCORRENCIA (0 / 1)]],IF(OR(TAB_HISTORICO_MANUT[[#This Row],[Tipo]]="Filha",TAB_HISTORICO_MANUT[[#This Row],[Tipo]]=""),"",IF(AND(TAB_HISTORICO_MANUT[[#This Row],[Hora Inicio]]=Z22,TAB_HISTORICO_MANUT[[#This Row],[Equipamento]]=AA22,TAB_HISTORICO_MANUT[[#This Row],[Descricao Despacho]]=AD22),0,1))) | O23: =IF(TAB_HISTORICO_MANUT[[#This Row],[CONT. OCOR.]]="","",IF(TAB_HISTORICO_MANUT[[#This Row],[AJUSTE - SISTEMA]]<>"",TAB_HISTORICO_MANUT[[#This Row],[AJUSTE - SISTEMA]],IFERROR(VLOOKUP(TAB_HISTORICO_MANUT[[#This Row],[Sistema2]]&TAB_HISTORICO_MANUT[[#This Row],[Conjunto]],AJUSTE_PERFIL[#All],2,0),VLOOKUP(TAB_HISTORICO_MANUT[[#This Row],[Sistema2]],AJUSTE_PERFIL[],2,0)))) | P23: =IF(TAB_HISTORICO_MANUT[[#This Row],[CONT. OCOR.]]="","",IF(TAB_HISTORICO_MANUT[[#This Row],[Ajuste - Cod. Despacho]]="",TAB_HISTORICO_MANUT[[#This Row],[Descricao Despacho]],TAB_HISTORICO_MANUT[[#This Row],[Ajuste - Cod. Despacho]])) | Q23: =IF(TAB_HISTORICO_MANUT[[#This Row],[CONT. OCOR.]]="","",IF(TAB_HISTORICO_MANUT[[#This Row],[AJUSTE - BUILD UP]]<>"",TAB_HISTORICO_MANUT[[#This Row],[AJUSTE - BUILD UP]],IF(TAB_HISTORICO_MANUT[[#This Row],[Descricao Despacho]]=LISTAS_APOIO!$I$5,LISTAS_APOIO!$B$3,IF(OR(TAB_HISTORICO_MANUT[[#This Row],[Descricao Despacho]]=LISTAS_APOIO!$I$3,TAB_HISTORICO_MANUT[[#This Row],[Descricao Despacho]]=LISTAS_APOIO!$I$5),VLOOKUP(TAB_HISTORICO_MANUT[[#This Row],[SISTEMA / PERFIL]],APOIO_EXPURGO_BUILD.UP[[Perfil de perdas]:[Build Up Preventia]],2,0),VLOOKUP(TAB_HISTORICO_MANUT[[#This Row],[SISTEMA / PERFIL]],APOIO_EXPURGO_BUILD.UP[[Perfil de perdas]:[Build Up Preventia]],3,0))))) | R23: =IF($Q23="","",(TAB_HISTORICO_MANUT[[#This Row],[Hora Final]]-TAB_HISTORICO_MANUT[[#This Row],[Hora Inicio]])*24) | S23: =IF(TAB_HISTORICO_MANUT[[#This Row],[Tipo]]<>"Mãe","",IF(TAB_HISTORICO_MANUT[[#This Row],[AJUSTE - EXPURGO (S/N)]]<>"",TAB_HISTORICO_MANUT[[#This Row],[AJUSTE - EXPURGO (S/N)]],IF(TAB_HISTORICO_MANUT[[#This Row],[Descricao Despacho]]=LISTAS_APOIO!$I$5,"SIM",IF(ISERROR(VLOOKUP(TAB_HISTORICO_MANUT[[#This Row],[Descricao Manutencao]],EXPURGO_FILHAS[EXPURGO - FILHAS],1,0)),(_xlfn.XLOOKUP(TAB_HISTORICO_MANUT[[#This Row],[SISTEMA / PERFIL]],APOIO_EXPURGO_BUILD.UP[Perfil de perdas],APOIO_EXPURGO_BUILD.UP[Expurgo],"ADICIONAR CÓDIGO",0,1)),"SIM")))) | T23: =IF(AND(TAB_HISTORICO_MANUT[[#This Row],[EXPURGO Mãe]]="SIM",TAB_HISTORICO_MANUT[[#This Row],[Tipo]]="MÃE"),"EXP.MAE",IF(TAB_HISTORICO_MANUT[[#This Row],[EXPURGO Mãe]]="NÃO","NÃO EXP.MAE",T22)) -> NÃO EXP.MAE | U23: =IF(TAB_HISTORICO_MANUT[[#This Row],[CHECK. EXP. MÃE]]="EXP.MAE","NÃO",IF(TAB_HISTORICO_MANUT[[#This Row],[Tipo]]="Filha",IF(TAB_HISTORICO_MANUT[[#This Row],[AJUSTE - EXPURGO (S/N)]]="",(IF(ISERROR(VLOOKUP(TAB_HISTORICO_MANUT[[#This Row],[Descricao Manutencao]],EXPURGO_FILHAS[EXPURGO - FILHAS],1,0)),"NÃO","SIM")),TAB_HISTORICO_MANUT[[#This Row],[AJUSTE - EXPURGO (S/N)]]),"NÃO")) -> SIM | V23: =IF(TAB_HISTORICO_MANUT[[#This Row],[EXPURGO Filhas]]="SIM",MAX(TAB_HISTORICO_MANUT[[#This Row],[Hora Final]]-TAB_HISTORICO_MANUT[[#This Row],[Hora Inicio]],0),0) -> 0.06 | W23: =IF(AND((TAB_HISTORICO_MANUT[[#This Row],[DURAÇÃO - PRODUTO MANUAL]]+TAB_HISTORICO_MANUT[[#This Row],[DURAÇÃO - CARTA MANUAL]])=0,OR(TAB_HISTORICO_MANUT[[#This Row],[PRODUTO]]="SIM",TAB_HISTORICO_MANUT[[#This Row],[CARTA]]="SIM")),TAB_HISTORICO_MANUT[[#This Row],[Duração Ocorrencia]],TAB_HISTORICO_MANUT[[#This Row],[DURAÇÃO - PRODUTO MANUAL]]+TAB_HISTORICO_MANUT[[#This Row],[DURAÇÃO - CARTA MANUAL]]) -> 0 | X23: =IF(AND(TAB_HISTORICO_MANUT[[#This Row],[COMPONENTE]]="SIM",TAB_HISTORICO_MANUT[[#This Row],[DURAÇÃO - COMP. MANUAL]]=""),TAB_HISTORICO_MANUT[[#This Row],[Duração Ocorrencia]],TAB_HISTORICO_MANUT[[#This Row],[DURAÇÃO - COMP. MANUAL]]) -> 0 | Y23: 46039.833 | Z23: 46039.893 | AA23: CA1014KS101 | AB23: 202600308019 | AC23: 9000 | AD23: HMC - Hora de Manutenção Corretiva | AE23: HMC - AG LUBRIFICACAO | AF23: Filha | AG23: =IF(TAB_HISTORICO_MANUT[[#This Row],[Hora Inicio]]="","",MONTH(TAB_HISTORICO_MANUT[[#This Row],[Hora Inicio]])) -> 1 | AH23: BAIXA PRESSÃO DO OLEO DO MOTOR - 202600308019 ( agrd comboio 19:50) COMPLETADO NIVEL DO OLEO HD MT: 1150588 | AI23: MOTOR DE COMBUSTAO | AJ23: LUBRIFICACAO | AK23: OLEO | AL23: BAIXO NIVEL | AM23: COMPLETAR | AN23: Mecânica | AO23: Estrutura - Tanque Oleo | AP23: Oleo
A24: =MONTH(TAB_HISTORICO_MANUT[[#This Row],[Hora Final]])-MONTH(TAB_HISTORICO_MANUT[[#This Row],[Hora Inicio]]) -> 0 | M24: NÃO | N24: =IF(TAB_HISTORICO_MANUT[[#This Row],[AJUSTE - OCORRENCIA (0 / 1)]]<>"",TAB_HISTORICO_MANUT[[#This Row],[AJUSTE - OCORRENCIA (0 / 1)]],IF(OR(TAB_HISTORICO_MANUT[[#This Row],[Tipo]]="Filha",TAB_HISTORICO_MANUT[[#This Row],[Tipo]]=""),"",IF(AND(TAB_HISTORICO_MANUT[[#This Row],[Hora Inicio]]=Z23,TAB_HISTORICO_MANUT[[#This Row],[Equipamento]]=AA23,TAB_HISTORICO_MANUT[[#This Row],[Descricao Despacho]]=AD23),0,1))) -> 1 | O24: =IF(TAB_HISTORICO_MANUT[[#This Row],[CONT. OCOR.]]="","",IF(TAB_HISTORICO_MANUT[[#This Row],[AJUSTE - SISTEMA]]<>"",TAB_HISTORICO_MANUT[[#This Row],[AJUSTE - SISTEMA]],IFERROR(VLOOKUP(TAB_HISTORICO_MANUT[[#This Row],[Sistema2]]&TAB_HISTORICO_MANUT[[#This Row],[Conjunto]],AJUSTE_PERFIL[#All],2,0),VLOOKUP(TAB_HISTORICO_MANUT[[#This Row],[Sistema2]],AJUSTE_PERFIL[],2,0)))) -> REVISÃO PREVENTIVA | P24: =IF(TAB_HISTORICO_MANUT[[#This Row],[CONT. OCOR.]]="","",IF(TAB_HISTORICO_MANUT[[#This Row],[Ajuste - Cod. Despacho]]="",TAB_HISTORICO_MANUT[[#This Row],[Descricao Despacho]],TAB_HISTORICO_MANUT[[#This Row],[Ajuste - Cod. Despacho]])) -> MPS - Hora Manutenção Preventiva Sistemática | Q24: =IF(TAB_HISTORICO_MANUT[[#This Row],[CONT. OCOR.]]="","",IF(TAB_HISTORICO_MANUT[[#This Row],[AJUSTE - BUILD UP]]<>"",TAB_HISTORICO_MANUT[[#This Row],[AJUSTE - BUILD UP]],IF(TAB_HISTORICO_MANUT[[#This Row],[Descricao Despacho]]=LISTAS_APOIO!$I$5,LISTAS_APOIO!$B$3,IF(OR(TAB_HISTORICO_MANUT[[#This Row],[Descricao Despacho]]=LISTAS_APOIO!$I$3,TAB_HISTORICO_MANUT[[#This Row],[Descricao Despacho]]=LISTAS_APOIO!$I$5),VLOOKUP(TAB_HISTORICO_MANUT[[#This Row],[SISTEMA / PERFIL]],APOIO_EXPURGO_BUILD.UP[[Perfil de perdas]:[Build Up Preventia]],2,0),VLOOKUP(TAB_HISTORICO_MANUT[[#This Row],[SISTEMA / PERFIL]],APOIO_EXPURGO_BUILD.UP[[Perfil de perdas]:[Build Up Preventia]],3,0))))) -> Preventivas | R24: =IF($Q24="","",(TAB_HISTORICO_MANUT[[#This Row],[Hora Final]]-TAB_HISTORICO_MANUT[[#This Row],[Hora Inicio]])*24) -> 0.72638889 | S24: =IF(TAB_HISTORICO_MANUT[[#This Row],[Tipo]]<>"Mãe","",IF(TAB_HISTORICO_MANUT[[#This Row],[AJUSTE - EXPURGO (S/N)]]<>"",TAB_HISTORICO_MANUT[[#This Row],[AJUSTE - EXPURGO (S/N)]],IF(TAB_HISTORICO_MANUT[[#This Row],[Descricao Despacho]]=LISTAS_APOIO!$I$5,"SIM",IF(ISERROR(VLOOKUP(TAB_HISTORICO_MANUT[[#This Row],[Descricao Manutencao]],EXPURGO_FILHAS[EXPURGO - FILHAS],1,0)),(_xlfn.XLOOKUP(TAB_HISTORICO_MANUT[[#This Row],[SISTEMA / PERFIL]],APOIO_EXPURGO_BUILD.UP[Perfil de perdas],APOIO_EXPURGO_BUILD.UP[Expurgo],"ADICIONAR CÓDIGO",0,1)),"SIM")))) -> NÃO | T24: =IF(AND(TAB_HISTORICO_MANUT[[#This Row],[EXPURGO Mãe]]="SIM",TAB_HISTORICO_MANUT[[#This Row],[Tipo]]="MÃE"),"EXP.MAE",IF(TAB_HISTORICO_MANUT[[#This Row],[EXPURGO Mãe]]="NÃO","NÃO EXP.MAE",T23)) -> NÃO EXP.MAE | U24: =IF(TAB_HISTORICO_MANUT[[#This Row],[CHECK. EXP. MÃE]]="EXP.MAE","NÃO",IF(TAB_HISTORICO_MANUT[[#This Row],[Tipo]]="Filha",IF(TAB_HISTORICO_MANUT[[#This Row],[AJUSTE - EXPURGO (S/N)]]="",(IF(ISERROR(VLOOKUP(TAB_HISTORICO_MANUT[[#This Row],[Descricao Manutencao]],EXPURGO_FILHAS[EXPURGO - FILHAS],1,0)),"NÃO","SIM")),TAB_HISTORICO_MANUT[[#This Row],[AJUSTE - EXPURGO (S/N)]]),"NÃO")) -> NÃO | V24: =IF(TAB_HISTORICO_MANUT[[#This Row],[EXPURGO Filhas]]="SIM",MAX(TAB_HISTORICO_MANUT[[#This Row],[Hora Final]]-TAB_HISTORICO_MANUT[[#This Row],[Hora Inicio]],0),0) -> 0 | W24: =IF(AND((TAB_HISTORICO_MANUT[[#This Row],[DURAÇÃO - PRODUTO MANUAL]]+TAB_HISTORICO_MANUT[[#This Row],[DURAÇÃO - CARTA MANUAL]])=0,OR(TAB_HISTORICO_MANUT[[#This Row],[PRODUTO]]="SIM",TAB_HISTORICO_MANUT[[#This Row],[CARTA]]="SIM")),TAB_HISTORICO_MANUT[[#This Row],[Duração Ocorrencia]],TAB_HISTORICO_MANUT[[#This Row],[DURAÇÃO - PRODUTO MANUAL]]+TAB_HISTORICO_MANUT[[#This Row],[DURAÇÃO - CARTA MANUAL]]) -> 0 | X24: =IF(AND(TAB_HISTORICO_MANUT[[#This Row],[COMPONENTE]]="SIM",TAB_HISTORICO_MANUT[[#This Row],[DURAÇÃO - COMP. MANUAL]]=""),TAB_HISTORICO_MANUT[[#This Row],[Duração Ocorrencia]],TAB_HISTORICO_MANUT[[#This Row],[DURAÇÃO - COMP. MANUAL]]) -> 0 | Y24: 46040.134 | Z24: 46040.164 | AA24: CA1014KS101 | AC24: 7116 | AD24: MPS - Hora Manutenção Preventiva Sistemática | AE24: MPS - AG LOCOMOCAO | AF24: Mãe | AG24: =IF(TAB_HISTORICO_MANUT[[#This Row],[Hora Inicio]]="","",MONTH(TAB_HISTORICO_MANUT[[#This Row],[Hora Inicio]])) -> 1 | AH24: TROCA DA MANGUEIRA | AI24: PREVENTIVA | AJ24: 500 HORAS
A25: =MONTH(TAB_HISTORICO_MANUT[[#This Row],[Hora Final]])-MONTH(TAB_HISTORICO_MANUT[[#This Row],[Hora Inicio]]) -> 0 | N25: =IF(TAB_HISTORICO_MANUT[[#This Row],[AJUSTE - OCORRENCIA (0 / 1)]]<>"",TAB_HISTORICO_MANUT[[#This Row],[AJUSTE - OCORRENCIA (0 / 1)]],IF(OR(TAB_HISTORICO_MANUT[[#This Row],[Tipo]]="Filha",TAB_HISTORICO_MANUT[[#This Row],[Tipo]]=""),"",IF(AND(TAB_HISTORICO_MANUT[[#This Row],[Hora Inicio]]=Z24,TAB_HISTORICO_MANUT[[#This Row],[Equipamento]]=AA24,TAB_HISTORICO_MANUT[[#This Row],[Descricao Despacho]]=AD24),0,1))) -> 0 | O25: =IF(TAB_HISTORICO_MANUT[[#This Row],[CONT. OCOR.]]="","",IF(TAB_HISTORICO_MANUT[[#This Row],[AJUSTE - SISTEMA]]<>"",TAB_HISTORICO_MANUT[[#This Row],[AJUSTE - SISTEMA]],IFERROR(VLOOKUP(TAB_HISTORICO_MANUT[[#This Row],[Sistema2]]&TAB_HISTORICO_MANUT[[#This Row],[Conjunto]],AJUSTE_PERFIL[#All],2,0),VLOOKUP(TAB_HISTORICO_MANUT[[#This Row],[Sistema2]],AJUSTE_PERFIL[],2,0)))) -> REVISÃO PREVENTIVA | P25: =IF(TAB_HISTORICO_MANUT[[#This Row],[CONT. OCOR.]]="","",IF(TAB_HISTORICO_MANUT[[#This Row],[Ajuste - Cod. Despacho]]="",TAB_HISTORICO_MANUT[[#This Row],[Descricao Despacho]],TAB_HISTORICO_MANUT[[#This Row],[Ajuste - Cod. Despacho]])) -> MPS - Hora Manutenção Preventiva Sistemática | Q25: =IF(TAB_HISTORICO_MANUT[[#This Row],[CONT. OCOR.]]="","",IF(TAB_HISTORICO_MANUT[[#This Row],[AJUSTE - BUILD UP]]<>"",TAB_HISTORICO_MANUT[[#This Row],[AJUSTE - BUILD UP]],IF(TAB_HISTORICO_MANUT[[#This Row],[Descricao Despacho]]=LISTAS_APOIO!$I$5,LISTAS_APOIO!$B$3,IF(OR(TAB_HISTORICO_MANUT[[#This Row],[Descricao Despacho]]=LISTAS_APOIO!$I$3,TAB_HISTORICO_MANUT[[#This Row],[Descricao Despacho]]=LISTAS_APOIO!$I$5),VLOOKUP(TAB_HISTORICO_MANUT[[#This Row],[SISTEMA / PERFIL]],APOIO_EXPURGO_BUILD.UP[[Perfil de perdas]:[Build Up Preventia]],2,0),VLOOKUP(TAB_HISTORICO_MANUT[[#This Row],[SISTEMA / PERFIL]],APOIO_EXPURGO_BUILD.UP[[Perfil de perdas]:[Build Up Preventia]],3,0))))) -> Preventivas | R25: =IF($Q25="","",(TAB_HISTORICO_MANUT[[#This Row],[Hora Final]]-TAB_HISTORICO_MANUT[[#This Row],[Hora Inicio]])*24) -> 1.2286111 | S25: =IF(TAB_HISTORICO_MANUT[[#This Row],[Tipo]]<>"Mãe","",IF(TAB_HISTORICO_MANUT[[#This Row],[AJUSTE - EXPURGO (S/N)]]<>"",TAB_HISTORICO_MANUT[[#This Row],[AJUSTE - EXPURGO (S/N)]],IF(TAB_HISTORICO_MANUT[[#This Row],[Descricao Despacho]]=LISTAS_APOIO!$I$5,"SIM",IF(ISERROR(VLOOKUP(TAB_HISTORICO_MANUT[[#This Row],[Descricao Manutencao]],EXPURGO_FILHAS[EXPURGO - FILHAS],1,0)),(_xlfn.XLOOKUP(TAB_HISTORICO_MANUT[[#This Row],[SISTEMA / PERFIL]],APOIO_EXPURGO_BUILD.UP[Perfil de perdas],APOIO_EXPURGO_BUILD.UP[Expurgo],"ADICIONAR CÓDIGO",0,1)),"SIM")))) -> NÃO | T25: =IF(AND(TAB_HISTORICO_MANUT[[#This Row],[EXPURGO Mãe]]="SIM",TAB_HISTORICO_MANUT[[#This Row],[Tipo]]="MÃE"),"EXP.MAE",IF(TAB_HISTORICO_MANUT[[#This Row],[EXPURGO Mãe]]="NÃO","NÃO EXP.MAE",T24)) -> NÃO EXP.MAE | U25: =IF(TAB_HISTORICO_MANUT[[#This Row],[CHECK. EXP. MÃE]]="EXP.MAE","NÃO",IF(TAB_HISTORICO_MANUT[[#This Row],[Tipo]]="Filha",IF(TAB_HISTORICO_MANUT[[#This Row],[AJUSTE - EXPURGO (S/N)]]="",(IF(ISERROR(VLOOKUP(TAB_HISTORICO_MANUT[[#This Row],[Descricao Manutencao]],EXPURGO_FILHAS[EXPURGO - FILHAS],1,0)),"NÃO","SIM")),TAB_HISTORICO_MANUT[[#This Row],[AJUSTE - EXPURGO (S/N)]]),"NÃO")) -> NÃO | V25: =IF(TAB_HISTORICO_MANUT[[#This Row],[EXPURGO Filhas]]="SIM",MAX(TAB_HISTORICO_MANUT[[#This Row],[Hora Final]]-TAB_HISTORICO_MANUT[[#This Row],[Hora Inicio]],0),0) -> 0 | W25: =IF(AND((TAB_HISTORICO_MANUT[[#This Row],[DURAÇÃO - PRODUTO MANUAL]]+TAB_HISTORICO_MANUT[[#This Row],[DURAÇÃO - CARTA MANUAL]])=0,OR(TAB_HISTORICO_MANUT[[#This Row],[PRODUTO]]="SIM",TAB_HISTORICO_MANUT[[#This Row],[CARTA]]="SIM")),TAB_HISTORICO_MANUT[[#This Row],[Duração Ocorrencia]],TAB_HISTORICO_MANUT[[#This Row],[DURAÇÃO - PRODUTO MANUAL]]+TAB_HISTORICO_MANUT[[#This Row],[DURAÇÃO - CARTA MANUAL]]) -> 0 | X25: =IF(AND(TAB_HISTORICO_MANUT[[#This Row],[COMPONENTE]]="SIM",TAB_HISTORICO_MANUT[[#This Row],[DURAÇÃO - COMP. MANUAL]]=""),TAB_HISTORICO_MANUT[[#This Row],[Duração Ocorrencia]],TAB_HISTORICO_MANUT[[#This Row],[DURAÇÃO - COMP. MANUAL]]) -> 0 | Y25: 46040.164 | Z25: 46040.215 | AA25: CA1014KS101 | AC25: 7000 | AD25: MPS - Hora Manutenção Preventiva Sistemática | AE25: MPS - EXEC MANUT | AF25: Mãe | AG25: =IF(TAB_HISTORICO_MANUT[[#This Row],[Hora Inicio]]="","",MONTH(TAB_HISTORICO_MANUT[[#This Row],[Hora Inicio]])) -> 1 | AH25: PM: 500h + 09 BL's | AI25: PREVENTIVA | AJ25: 500 HORAS
A26: =MONTH(TAB_HISTORICO_MANUT[[#This Row],[Hora Final]])-MONTH(TAB_HISTORICO_MANUT[[#This Row],[Hora Inicio]]) -> 0 | N26: =IF(TAB_HISTORICO_MANUT[[#This Row],[AJUSTE - OCORRENCIA (0 / 1)]]<>"",TAB_HISTORICO_MANUT[[#This Row],[AJUSTE - OCORRENCIA (0 / 1)]],IF(OR(TAB_HISTORICO_MANUT[[#This Row],[Tipo]]="Filha",TAB_HISTORICO_MANUT[[#This Row],[Tipo]]=""),"",IF(AND(TAB_HISTORICO_MANUT[[#This Row],[Hora Inicio]]=Z25,TAB_HISTORICO_MANUT[[#This Row],[Equipamento]]=AA25,TAB_HISTORICO_MANUT[[#This Row],[Descricao Despacho]]=AD25),0,1))) -> 0 | O26: =IF(TAB_HISTORICO_MANUT[[#This Row],[CONT. OCOR.]]="","",IF(TAB_HISTORICO_MANUT[[#This Row],[AJUSTE - SISTEMA]]<>"",TAB_HISTORICO_MANUT[[#This Row],[AJUSTE - SISTEMA]],IFERROR(VLOOKUP(TAB_HISTORICO_MANUT[[#This Row],[Sistema2]]&TAB_HISTORICO_MANUT[[#This Row],[Conjunto]],AJUSTE_PERFIL[#All],2,0),VLOOKUP(TAB_HISTORICO_MANUT[[#This Row],[Sistema2]],AJUSTE_PERFIL[],2,0)))) -> REVISÃO PREVENTIVA | P26: =IF(TAB_HISTORICO_MANUT[[#This Row],[CONT. OCOR.]]="","",IF(TAB_HISTORICO_MANUT[[#This Row],[Ajuste - Cod. Despacho]]="",TAB_HISTORICO_MANUT[[#This Row],[Descricao Despacho]],TAB_HISTORICO_MANUT[[#This Row],[Ajuste - Cod. Despacho]])) -> MPS - Hora Manutenção Preventiva Sistemática | Q26: =IF(TAB_HISTORICO_MANUT[[#This Row],[CONT. OCOR.]]="","",IF(TAB_HISTORICO_MANUT[[#This Row],[AJUSTE - BUILD UP]]<>"",TAB_HISTORICO_MANUT[[#This Row],[AJUSTE - BUILD UP]],IF(TAB_HISTORICO_MANUT[[#This Row],[Descricao Despacho]]=LISTAS_APOIO!$I$5,LISTAS_APOIO!$B$3,IF(OR(TAB_HISTORICO_MANUT[[#This Row],[Descricao Despacho]]=LISTAS_APOIO!$I$3,TAB_HISTORICO_MANUT[[#This Row],[Descricao Despacho]]=LISTAS_APOIO!$I$5),VLOOKUP(TAB_HISTORICO_MANUT[[#This Row],[SISTEMA / PERFIL]],APOIO_EXPURGO_BUILD.UP[[Perfil de perdas]:[Build Up Preventia]],2,0),VLOOKUP(TAB_HISTORICO_MANUT[[#This Row],[SISTEMA / PERFIL]],APOIO_EXPURGO_BUILD.UP[[Perfil de perdas]:[Build Up Preventia]],3,0))))) -> Preventivas | R26: =IF($Q26="","",(TAB_HISTORICO_MANUT[[#This Row],[Hora Final]]-TAB_HISTORICO_MANUT[[#This Row],[Hora Inicio]])*24) -> 4.7952778 | S26: =IF(TAB_HISTORICO_MANUT[[#This Row],[Tipo]]<>"Mãe","",IF(TAB_HISTORICO_MANUT[[#This Row],[AJUSTE - EXPURGO (S/N)]]<>"",TAB_HISTORICO_MANUT[[#This Row],[AJUSTE - EXPURGO (S/N)]],IF(TAB_HISTORICO_MANUT[[#This Row],[Descricao Despacho]]=LISTAS_APOIO!$I$5,"SIM",IF(ISERROR(VLOOKUP(TAB_HISTORICO_MANUT[[#This Row],[Descricao Manutencao]],EXPURGO_FILHAS[EXPURGO - FILHAS],1,0)),(_xlfn.XLOOKUP(TAB_HISTORICO_MANUT[[#This Row],[SISTEMA / PERFIL]],APOIO_EXPURGO_BUILD.UP[Perfil de perdas],APOIO_EXPURGO_BUILD.UP[Expurgo],"ADICIONAR CÓDIGO",0,1)),"SIM")))) -> SIM | T26: =IF(AND(TAB_HISTORICO_MANUT[[#This Row],[EXPURGO Mãe]]="SIM",TAB_HISTORICO_MANUT[[#This Row],[Tipo]]="MÃE"),"EXP.MAE",IF(TAB_HISTORICO_MANUT[[#This Row],[EXPURGO Mãe]]="NÃO","NÃO EXP.MAE",T25)) -> EXP.MAE | U26: =IF(TAB_HISTORICO_MANUT[[#This Row],[CHECK. EXP. MÃE]]="EXP.MAE","NÃO",IF(TAB_HISTORICO_MANUT[[#This Row],[Tipo]]="Filha",IF(TAB_HISTORICO_MANUT[[#This Row],[AJUSTE - EXPURGO (S/N)]]="",(IF(ISERROR(VLOOKUP(TAB_HISTORICO_MANUT[[#This Row],[Descricao Manutencao]],EXPURGO_FILHAS[EXPURGO - FILHAS],1,0)),"NÃO","SIM")),TAB_HISTORICO_MANUT[[#This Row],[AJUSTE - EXPURGO (S/N)]]),"NÃO")) -> NÃO | V26: =IF(TAB_HISTORICO_MANUT[[#This Row],[EXPURGO Filhas]]="SIM",MAX(TAB_HISTORICO_MANUT[[#This Row],[Hora Final]]-TAB_HISTORICO_MANUT[[#This Row],[Hora Inicio]],0),0) -> 0 | W26: =IF(AND((TAB_HISTORICO_MANUT[[#This Row],[DURAÇÃO - PRODUTO MANUAL]]+TAB_HISTORICO_MANUT[[#This Row],[DURAÇÃO - CARTA MANUAL]])=0,OR(TAB_HISTORICO_MANUT[[#This Row],[PRODUTO]]="SIM",TAB_HISTORICO_MANUT[[#This Row],[CARTA]]="SIM")),TAB_HISTORICO_MANUT[[#This Row],[Duração Ocorrencia]],TAB_HISTORICO_MANUT[[#This Row],[DURAÇÃO - PRODUTO MANUAL]]+TAB_HISTORICO_MANUT[[#This Row],[DURAÇÃO - CARTA MANUAL]]) -> 0 | X26: =IF(AND(TAB_HISTORICO_MANUT[[#This Row],[COMPONENTE]]="SIM",TAB_HISTORICO_MANUT[[#This Row],[DURAÇÃO - COMP. MANUAL]]=""),TAB_HISTORICO_MANUT[[#This Row],[Duração Ocorrencia]],TAB_HISTORICO_MANUT[[#This Row],[DURAÇÃO - COMP. MANUAL]]) -> 0 | Y26: 46040.215 | Z26: 46040.415 | AA26: CA1014KS101 | AC26: 7111 | AD26: MPS - Hora Manutenção Preventiva Sistemática | AE26: MPS - AG LAVADOR | AF26: Mãe | AG26: =IF(TAB_HISTORICO_MANUT[[#This Row],[Hora Inicio]]="","",MONTH(TAB_HISTORICO_MANUT[[#This Row],[Hora Inicio]])) -> 1 | AH26: PM: 500h + 09 BL's | AI26: PREVENTIVA | AJ26: 500 HORAS
A27: =MONTH(TAB_HISTORICO_MANUT[[#This Row],[Hora Final]])-MONTH(TAB_HISTORICO_MANUT[[#This Row],[Hora Inicio]]) -> 0 | M27: NÃO | N27: =IF(TAB_HISTORICO_MANUT[[#This Row],[AJUSTE - OCORRENCIA (0 / 1)]]<>"",TAB_HISTORICO_MANUT[[#This Row],[AJUSTE - OCORRENCIA (0 / 1)]],IF(OR(TAB_HISTORICO_MANUT[[#This Row],[Tipo]]="Filha",TAB_HISTORICO_MANUT[[#This Row],[Tipo]]=""),"",IF(AND(TAB_HISTORICO_MANUT[[#This Row],[Hora Inicio]]=Z26,TAB_HISTORICO_MANUT[[#This Row],[Equipamento]]=AA26,TAB_HISTORICO_MANUT[[#This Row],[Descricao Despacho]]=AD26),0,1))) -> 0 | O27: =IF(TAB_HISTORICO_MANUT[[#This Row],[CONT. OCOR.]]="","",IF(TAB_HISTORICO_MANUT[[#This Row],[AJUSTE - SISTEMA]]<>"",TAB_HISTORICO_MANUT[[#This Row],[AJUSTE - SISTEMA]],IFERROR(VLOOKUP(TAB_HISTORICO_MANUT[[#This Row],[Sistema2]]&TAB_HISTORICO_MANUT[[#This Row],[Conjunto]],AJUSTE_PERFIL[#All],2,0),VLOOKUP(TAB_HISTORICO_MANUT[[#This Row],[Sistema2]],AJUSTE_PERFIL[],2,0)))) -> REVISÃO PREVENTIVA | P27: =IF(TAB_HISTORICO_MANUT[[#This Row],[CONT. OCOR.]]="","",IF(TAB_HISTORICO_MANUT[[#This Row],[Ajuste - Cod. Despacho]]="",TAB_HISTORICO_MANUT[[#This Row],[Descricao Despacho]],TAB_HISTORICO_MANUT[[#This Row],[Ajuste - Cod. Despacho]])) -> MPS - Hora Manutenção Preventiva Sistemática | Q27: =IF(TAB_HISTORICO_MANUT[[#This Row],[CONT. OCOR.]]="","",IF(TAB_HISTORICO_MANUT[[#This Row],[AJUSTE - BUILD UP]]<>"",TAB_HISTORICO_MANUT[[#This Row],[AJUSTE - BUILD UP]],IF(TAB_HISTORICO_MANUT[[#This Row],[Descricao Despacho]]=LISTAS_APOIO!$I$5,LISTAS_APOIO!$B$3,IF(OR(TAB_HISTORICO_MANUT[[#This Row],[Descricao Despacho]]=LISTAS_APOIO!$I$3,TAB_HISTORICO_MANUT[[#This Row],[Descricao Despacho]]=LISTAS_APOIO!$I$5),VLOOKUP(TAB_HISTORICO_MANUT[[#This Row],[SISTEMA / PERFIL]],APOIO_EXPURGO_BUILD.UP[[Perfil de perdas]:[Build Up Preventia]],2,0),VLOOKUP(TAB_HISTORICO_MANUT[[#This Row],[SISTEMA / PERFIL]],APOIO_EXPURGO_BUILD.UP[[Perfil de perdas]:[Build Up Preventia]],3,0))))) -> Preventivas | R27: =IF($Q27="","",(TAB_HISTORICO_MANUT[[#This Row],[Hora Final]]-TAB_HISTORICO_MANUT[[#This Row],[Hora Inicio]])*24) -> 0.11972222 | S27: =IF(TAB_HISTORICO_MANUT[[#This Row],[Tipo]]<>"Mãe","",IF(TAB_HISTORICO_MANUT[[#This Row],[AJUSTE - EXPURGO (S/N)]]<>"",TAB_HISTORICO_MANUT[[#This Row],[AJUSTE - EXPURGO (S/N)]],IF(TAB_HISTORICO_MANUT[[#This Row],[Descricao Despacho]]=LISTAS_APOIO!$I$5,"SIM",IF(ISERROR(VLOOKUP(TAB_HISTORICO_MANUT[[#This Row],[Descricao Manutencao]],EXPURGO_FILHAS[EXPURGO - FILHAS],1,0)),(_xlfn.XLOOKUP(TAB_HISTORICO_MANUT[[#This Row],[SISTEMA / PERFIL]],APOIO_EXPURGO_BUILD.UP[Perfil de perdas],APOIO_EXPURGO_BUILD.UP[Expurgo],"ADICIONAR CÓDIGO",0,1)),"SIM")))) -> NÃO | T27: =IF(AND(TAB_HISTORICO_MANUT[[#This Row],[EXPURGO Mãe]]="SIM",TAB_HISTORICO_MANUT[[#This Row],[Tipo]]="MÃE"),"EXP.MAE",IF(TAB_HISTORICO_MANUT[[#This Row],[EXPURGO Mãe]]="NÃO","NÃO EXP.MAE",T26)) -> NÃO EXP.MAE | U27: =IF(TAB_HISTORICO_MANUT[[#This Row],[CHECK. EXP. MÃE]]="EXP.MAE","NÃO",IF(TAB_HISTORICO_MANUT[[#This Row],[Tipo]]="Filha",IF(TAB_HISTORICO_MANUT[[#This Row],[AJUSTE - EXPURGO (S/N)]]="",(IF(ISERROR(VLOOKUP(TAB_HISTORICO_MANUT[[#This Row],[Descricao Manutencao]],EXPURGO_FILHAS[EXPURGO - FILHAS],1,0)),"NÃO","SIM")),TAB_HISTORICO_MANUT[[#This Row],[AJUSTE - EXPURGO (S/N)]]),"NÃO")) -> NÃO | V27: =IF(TAB_HISTORICO_MANUT[[#This Row],[EXPURGO Filhas]]="SIM",MAX(TAB_HISTORICO_MANUT[[#This Row],[Hora Final]]-TAB_HISTORICO_MANUT[[#This Row],[Hora Inicio]],0),0) -> 0 | W27: =IF(AND((TAB_HISTORICO_MANUT[[#This Row],[DURAÇÃO - PRODUTO MANUAL]]+TAB_HISTORICO_MANUT[[#This Row],[DURAÇÃO - CARTA MANUAL]])=0,OR(TAB_HISTORICO_MANUT[[#This Row],[PRODUTO]]="SIM",TAB_HISTORICO_MANUT[[#This Row],[CARTA]]="SIM")),TAB_HISTORICO_MANUT[[#This Row],[Duração Ocorrencia]],TAB_HISTORICO_MANUT[[#This Row],[DURAÇÃO - PRODUTO MANUAL]]+TAB_HISTORICO_MANUT[[#This Row],[DURAÇÃO - CARTA MANUAL]]) -> 0 | X27: =IF(AND(TAB_HISTORICO_MANUT[[#This Row],[COMPONENTE]]="SIM",TAB_HISTORICO_MANUT[[#This Row],[DURAÇÃO - COMP. MANUAL]]=""),TAB_HISTORICO_MANUT[[#This Row],[Duração Ocorrencia]],TAB_HISTORICO_MANUT[[#This Row],[DURAÇÃO - COMP. MANUAL]]) -> 0 | Y27: 46040.415 | Z27: 46040.42 | AA27: CA1014KS101 | AC27: 7111 | AD27: MPS - Hora Manutenção Preventiva Sistemática | AE27: MPS - AG LAVADOR | AF27: Mãe | AG27: =IF(TAB_HISTORICO_MANUT[[#This Row],[Hora Inicio]]="","",MONTH(TAB_HISTORICO_MANUT[[#This Row],[Hora Inicio]])) -> 1 | AH27: PM: 500h + 09 BL's | AI27: PREVENTIVA | AJ27: 500 HORAS
A28: =MONTH(TAB_HISTORICO_MANUT[[#This Row],[Hora Final]])-MONTH(TAB_HISTORICO_MANUT[[#This Row],[Hora Inicio]]) -> 0 | N28: =IF(TAB_HISTORICO_MANUT[[#This Row],[AJUSTE - OCORRENCIA (0 / 1)]]<>"",TAB_HISTORICO_MANUT[[#This Row],[AJUSTE - OCORRENCIA (0 / 1)]],IF(OR(TAB_HISTORICO_MANUT[[#This Row],[Tipo]]="Filha",TAB_HISTORICO_MANUT[[#This Row],[Tipo]]=""),"",IF(AND(TAB_HISTORICO_MANUT[[#This Row],[Hora Inicio]]=Z27,TAB_HISTORICO_MANUT[[#This Row],[Equipamento]]=AA27,TAB_HISTORICO_MANUT[[#This Row],[Descricao Despacho]]=AD27),0,1))) -> 0 | O28: =IF(TAB_HISTORICO_MANUT[[#This Row],[CONT. OCOR.]]="","",IF(TAB_HISTORICO_MANUT[[#This Row],[AJUSTE - SISTEMA]]<>"",TAB_HISTORICO_MANUT[[#This Row],[AJUSTE - SISTEMA]],IFERROR(VLOOKUP(TAB_HISTORICO_MANUT[[#This Row],[Sistema2]]&TAB_HISTORICO_MANUT[[#This Row],[Conjunto]],AJUSTE_PERFIL[#All],2,0),VLOOKUP(TAB_HISTORICO_MANUT[[#This Row],[Sistema2]],AJUSTE_PERFIL[],2,0)))) -> REVISÃO PREVENTIVA | P28: =IF(TAB_HISTORICO_MANUT[[#This Row],[CONT. OCOR.]]="","",IF(TAB_HISTORICO_MANUT[[#This Row],[Ajuste - Cod. Despacho]]="",TAB_HISTORICO_MANUT[[#This Row],[Descricao Despacho]],TAB_HISTORICO_MANUT[[#This Row],[Ajuste - Cod. Despacho]])) -> MPS - Hora Manutenção Preventiva Sistemática | Q28: =IF(TAB_HISTORICO_MANUT[[#This Row],[CONT. OCOR.]]="","",IF(TAB_HISTORICO_MANUT[[#This Row],[AJUSTE - BUILD UP]]<>"",TAB_HISTORICO_MANUT[[#This Row],[AJUSTE - BUILD UP]],IF(TAB_HISTORICO_MANUT[[#This Row],[Descricao Despacho]]=LISTAS_APOIO!$I$5,LISTAS_APOIO!$B$3,IF(OR(TAB_HISTORICO_MANUT[[#This Row],[Descricao Despacho]]=LISTAS_APOIO!$I$3,TAB_HISTORICO_MANUT[[#This Row],[Descricao Despacho]]=LISTAS_APOIO!$I$5),VLOOKUP(TAB_HISTORICO_MANUT[[#This Row],[SISTEMA / PERFIL]],APOIO_EXPURGO_BUILD.UP[[Perfil de perdas]:[Build Up Preventia]],2,0),VLOOKUP(TAB_HISTORICO_MANUT[[#This Row],[SISTEMA / PERFIL]],APOIO_EXPURGO_BUILD.UP[[Perfil de perdas]:[Build Up Preventia]],3,0))))) -> Preventivas | R28: =IF($Q28="","",(TAB_HISTORICO_MANUT[[#This Row],[Hora Final]]-TAB_HISTORICO_MANUT[[#This Row],[Hora Inicio]])*24) -> 2.905 | S28: =IF(TAB_HISTORICO_MANUT[[#This Row],[Tipo]]<>"Mãe","",IF(TAB_HISTORICO_MANUT[[#This Row],[AJUSTE - EXPURGO (S/N)]]<>"",TAB_HISTORICO_MANUT[[#This Row],[AJUSTE - EXPURGO (S/N)]],IF(TAB_HISTORICO_MANUT[[#This Row],[Descricao Despacho]]=LISTAS_APOIO!$I$5,"SIM",IF(ISERROR(VLOOKUP(TAB_HISTORICO_MANUT[[#This Row],[Descricao Manutencao]],EXPURGO_FILHAS[EXPURGO - FILHAS],1,0)),(_xlfn.XLOOKUP(TAB_HISTORICO_MANUT[[#This Row],[SISTEMA / PERFIL]],APOIO_EXPURGO_BUILD.UP[Perfil de perdas],APOIO_EXPURGO_BUILD.UP[Expurgo],"ADICIONAR CÓDIGO",0,1)),"SIM")))) -> NÃO | T28: =IF(AND(TAB_HISTORICO_MANUT[[#This Row],[EXPURGO Mãe]]="SIM",TAB_HISTORICO_MANUT[[#This Row],[Tipo]]="MÃE"),"EXP.MAE",IF(TAB_HISTORICO_MANUT[[#This Row],[EXPURGO Mãe]]="NÃO","NÃO EXP.MAE",T27)) -> NÃO EXP.MAE | U28: =IF(TAB_HISTORICO_MANUT[[#This Row],[CHECK. EXP. MÃE]]="EXP.MAE","NÃO",IF(TAB_HISTORICO_MANUT[[#This Row],[Tipo]]="Filha",IF(TAB_HISTORICO_MANUT[[#This Row],[AJUSTE - EXPURGO (S/N)]]="",(IF(ISERROR(VLOOKUP(TAB_HISTORICO_MANUT[[#This Row],[Descricao Manutencao]],EXPURGO_FILHAS[EXPURGO - FILHAS],1,0)),"NÃO","SIM")),TAB_HISTORICO_MANUT[[#This Row],[AJUSTE - EXPURGO (S/N)]]),"NÃO")) -> NÃO | V28: =IF(TAB_HISTORICO_MANUT[[#This Row],[EXPURGO Filhas]]="SIM",MAX(TAB_HISTORICO_MANUT[[#This Row],[Hora Final]]-TAB_HISTORICO_MANUT[[#This Row],[Hora Inicio]],0),0) -> 0 | W28: =IF(AND((TAB_HISTORICO_MANUT[[#This Row],[DURAÇÃO - PRODUTO MANUAL]]+TAB_HISTORICO_MANUT[[#This Row],[DURAÇÃO - CARTA MANUAL]])=0,OR(TAB_HISTORICO_MANUT[[#This Row],[PRODUTO]]="SIM",TAB_HISTORICO_MANUT[[#This Row],[CARTA]]="SIM")),TAB_HISTORICO_MANUT[[#This Row],[Duração Ocorrencia]],TAB_HISTORICO_MANUT[[#This Row],[DURAÇÃO - PRODUTO MANUAL]]+TAB_HISTORICO_MANUT[[#This Row],[DURAÇÃO - CARTA MANUAL]]) -> 0 | X28: =IF(AND(TAB_HISTORICO_MANUT[[#This Row],[COMPONENTE]]="SIM",TAB_HISTORICO_MANUT[[#This Row],[DURAÇÃO - COMP. MANUAL]]=""),TAB_HISTORICO_MANUT[[#This Row],[Duração Ocorrencia]],TAB_HISTORICO_MANUT[[#This Row],[DURAÇÃO - COMP. MANUAL]]) -> 0 | Y28: 46040.42 | Z28: 46040.541 | AA28: CA1014KS101 | AC28: 7011 | AD28: MPS - Hora Manutenção Preventiva Sistemática | AE28: MPS - EXEC LAVADOR | AF28: Mãe | AG28: =IF(TAB_HISTORICO_MANUT[[#This Row],[Hora Inicio]]="","",MONTH(TAB_HISTORICO_MANUT[[#This Row],[Hora Inicio]])) -> 1 | AH28: PM: 500h + 09 BL's | AI28: PREVENTIVA | AJ28: 500 HORAS
A29: =MONTH(TAB_HISTORICO_MANUT[[#This Row],[Hora Final]])-MONTH(TAB_HISTORICO_MANUT[[#This Row],[Hora Inicio]]) -> 0 | N29: =IF(TAB_HISTORICO_MANUT[[#This Row],[AJUSTE - OCORRENCIA (0 / 1)]]<>"",TAB_HISTORICO_MANUT[[#This Row],[AJUSTE - OCORRENCIA (0 / 1)]],IF(OR(TAB_HISTORICO_MANUT[[#This Row],[Tipo]]="Filha",TAB_HISTORICO_MANUT[[#This Row],[Tipo]]=""),"",IF(AND(TAB_HISTORICO_MANUT[[#This Row],[Hora Inicio]]=Z28,TAB_HISTORICO_MANUT[[#This Row],[Equipamento]]=AA28,TAB_HISTORICO_MANUT[[#This Row],[Descricao Despacho]]=AD28),0,1))) -> 0 | O29: =IF(TAB_HISTORICO_MANUT[[#This Row],[CONT. OCOR.]]="","",IF(TAB_HISTORICO_MANUT[[#This Row],[AJUSTE - SISTEMA]]<>"",TAB_HISTORICO_MANUT[[#This Row],[AJUSTE - SISTEMA]],IFERROR(VLOOKUP(TAB_HISTORICO_MANUT[[#This Row],[Sistema2]]&TAB_HISTORICO_MANUT[[#This Row],[Conjunto]],AJUSTE_PERFIL[#All],2,0),VLOOKUP(TAB_HISTORICO_MANUT[[#This Row],[Sistema2]],AJUSTE_PERFIL[],2,0)))) -> REVISÃO PREVENTIVA | P29: =IF(TAB_HISTORICO_MANUT[[#This Row],[CONT. OCOR.]]="","",IF(TAB_HISTORICO_MANUT[[#This Row],[Ajuste - Cod. Despacho]]="",TAB_HISTORICO_MANUT[[#This Row],[Descricao Despacho]],TAB_HISTORICO_MANUT[[#This Row],[Ajuste - Cod. Despacho]])) -> MPS - Hora Manutenção Preventiva Sistemática | Q29: =IF(TAB_HISTORICO_MANUT[[#This Row],[CONT. OCOR.]]="","",IF(TAB_HISTORICO_MANUT[[#This Row],[AJUSTE - BUILD UP]]<>"",TAB_HISTORICO_MANUT[[#This Row],[AJUSTE - BUILD UP]],IF(TAB_HISTORICO_MANUT[[#This Row],[Descricao Despacho]]=LISTAS_APOIO!$I$5,LISTAS_APOIO!$B$3,IF(OR(TAB_HISTORICO_MANUT[[#This Row],[Descricao Despacho]]=LISTAS_APOIO!$I$3,TAB_HISTORICO_MANUT[[#This Row],[Descricao Despacho]]=LISTAS_APOIO!$I$5),VLOOKUP(TAB_HISTORICO_MANUT[[#This Row],[SISTEMA / PERFIL]],APOIO_EXPURGO_BUILD.UP[[Perfil de perdas]:[Build Up Preventia]],2,0),VLOOKUP(TAB_HISTORICO_MANUT[[#This Row],[SISTEMA / PERFIL]],APOIO_EXPURGO_BUILD.UP[[Perfil de perdas]:[Build Up Preventia]],3,0))))) -> Preventivas | R29: =IF($Q29="","",(TAB_HISTORICO_MANUT[[#This Row],[Hora Final]]-TAB_HISTORICO_MANUT[[#This Row],[Hora Inicio]])*24) -> 12.292222 | S29: =IF(TAB_HISTORICO_MANUT[[#This Row],[Tipo]]<>"Mãe","",IF(TAB_HISTORICO_MANUT[[#This Row],[AJUSTE - EXPURGO (S/N)]]<>"",TAB_HISTORICO_MANUT[[#This Row],[AJUSTE - EXPURGO (S/N)]],IF(TAB_HISTORICO_MANUT[[#This Row],[Descricao Despacho]]=LISTAS_APOIO!$I$5,"SIM",IF(ISERROR(VLOOKUP(TAB_HISTORICO_MANUT[[#This Row],[Descricao Manutencao]],EXPURGO_FILHAS[EXPURGO - FILHAS],1,0)),(_xlfn.XLOOKUP(TAB_HISTORICO_MANUT[[#This Row],[SISTEMA / PERFIL]],APOIO_EXPURGO_BUILD.UP[Perfil de perdas],APOIO_EXPURGO_BUILD.UP[Expurgo],"ADICIONAR CÓDIGO",0,1)),"SIM")))) -> NÃO | T29: =IF(AND(TAB_HISTORICO_MANUT[[#This Row],[EXPURGO Mãe]]="SIM",TAB_HISTORICO_MANUT[[#This Row],[Tipo]]="MÃE"),"EXP.MAE",IF(TAB_HISTORICO_MANUT[[#This Row],[EXPURGO Mãe]]="NÃO","NÃO EXP.MAE",T28)) -> NÃO EXP.MAE | U29: =IF(TAB_HISTORICO_MANUT[[#This Row],[CHECK. EXP. MÃE]]="EXP.MAE","NÃO",IF(TAB_HISTORICO_MANUT[[#This Row],[Tipo]]="Filha",IF(TAB_HISTORICO_MANUT[[#This Row],[AJUSTE - EXPURGO (S/N)]]="",(IF(ISERROR(VLOOKUP(TAB_HISTORICO_MANUT[[#This Row],[Descricao Manutencao]],EXPURGO_FILHAS[EXPURGO - FILHAS],1,0)),"NÃO","SIM")),TAB_HISTORICO_MANUT[[#This Row],[AJUSTE - EXPURGO (S/N)]]),"NÃO")) -> NÃO | V29: =IF(TAB_HISTORICO_MANUT[[#This Row],[EXPURGO Filhas]]="SIM",MAX(TAB_HISTORICO_MANUT[[#This Row],[Hora Final]]-TAB_HISTORICO_MANUT[[#This Row],[Hora Inicio]],0),0) -> 0 | W29: =IF(AND((TAB_HISTORICO_MANUT[[#This Row],[DURAÇÃO - PRODUTO MANUAL]]+TAB_HISTORICO_MANUT[[#This Row],[DURAÇÃO - CARTA MANUAL]])=0,OR(TAB_HISTORICO_MANUT[[#This Row],[PRODUTO]]="SIM",TAB_HISTORICO_MANUT[[#This Row],[CARTA]]="SIM")),TAB_HISTORICO_MANUT[[#This Row],[Duração Ocorrencia]],TAB_HISTORICO_MANUT[[#This Row],[DURAÇÃO - PRODUTO MANUAL]]+TAB_HISTORICO_MANUT[[#This Row],[DURAÇÃO - CARTA MANUAL]]) -> 0 | X29: =IF(AND(TAB_HISTORICO_MANUT[[#This Row],[COMPONENTE]]="SIM",TAB_HISTORICO_MANUT[[#This Row],[DURAÇÃO - COMP. MANUAL]]=""),TAB_HISTORICO_MANUT[[#This Row],[Duração Ocorrencia]],TAB_HISTORICO_MANUT[[#This Row],[DURAÇÃO - COMP. MANUAL]]) -> 0 | Y29: 46040.541 | Z29: 46041.053 | AA29: CA1014KS101 | AC29: 7000 | AD29: MPS - Hora Manutenção Preventiva Sistemática | AE29: MPS - EXEC MANUT | AF29: Mãe | AG29: =IF(TAB_HISTORICO_MANUT[[#This Row],[Hora Inicio]]="","",MONTH(TAB_HISTORICO_MANUT[[#This Row],[Hora Inicio]])) -> 1 | AH29: PM: 500h + 09 BL's | AI29: PREVENTIVA | AJ29: 500 HORAS
A30: =MONTH(TAB_HISTORICO_MANUT[[#This Row],[Hora Final]])-MONTH(TAB_HISTORICO_MANUT[[#This Row],[Hora Inicio]]) -> 0 | N30: =IF(TAB_HISTORICO_MANUT[[#This Row],[AJUSTE - OCORRENCIA (0 / 1)]]<>"",TAB_HISTORICO_MANUT[[#This Row],[AJUSTE - OCORRENCIA (0 / 1)]],IF(OR(TAB_HISTORICO_MANUT[[#This Row],[Tipo]]="Filha",TAB_HISTORICO_MANUT[[#This Row],[Tipo]]=""),"",IF(AND(TAB_HISTORICO_MANUT[[#This Row],[Hora Inicio]]=Z29,TAB_HISTORICO_MANUT[[#This Row],[Equipamento]]=AA29,TAB_HISTORICO_MANUT[[#This Row],[Descricao Despacho]]=AD29),0,1))) -> 1 | O30: =IF(TAB_HISTORICO_MANUT[[#This Row],[CONT. OCOR.]]="","",IF(TAB_HISTORICO_MANUT[[#This Row],[AJUSTE - SISTEMA]]<>"",TAB_HISTORICO_MANUT[[#This Row],[AJUSTE - SISTEMA]],IFERROR(VLOOKUP(TAB_HISTORICO_MANUT[[#This Row],[Sistema2]]&TAB_HISTORICO_MANUT[[#This Row],[Conjunto]],AJUSTE_PERFIL[#All],2,0),VLOOKUP(TAB_HISTORICO_MANUT[[#This Row],[Sistema2]],AJUSTE_PERFIL[],2,0)))) -> LOCOMOÇÃO | P30: =IF(TAB_HISTORICO_MANUT[[#This Row],[CONT. OCOR.]]="","",IF(TAB_HISTORICO_MANUT[[#This Row],[Ajuste - Cod. Despacho]]="",TAB_HISTORICO_MANUT[[#This Row],[Descricao Despacho]],TAB_HISTORICO_MANUT[[#This Row],[Ajuste - Cod. Despacho]])) -> HMC - Hora de Manutenção Corretiva | Q30: =IF(TAB_HISTORICO_MANUT[[#This Row],[CONT. OCOR.]]="","",IF(TAB_HISTORICO_MANUT[[#This Row],[AJUSTE - BUILD UP]]<>"",TAB_HISTORICO_MANUT[[#This Row],[AJUSTE - BUILD UP]],IF(TAB_HISTORICO_MANUT[[#This Row],[Descricao Despacho]]=LISTAS_APOIO!$I$5,LISTAS_APOIO!$B$3,IF(OR(TAB_HISTORICO_MANUT[[#This Row],[Descricao Despacho]]=LISTAS_APOIO!$I$3,TAB_HISTORICO_MANUT[[#This Row],[Descricao Despacho]]=LISTAS_APOIO!$I$5),VLOOKUP(TAB_HISTORICO_MANUT[[#This Row],[SISTEMA / PERFIL]],APOIO_EXPURGO_BUILD.UP[[Perfil de perdas]:[Build Up Preventia]],2,0),VLOOKUP(TAB_HISTORICO_MANUT[[#This Row],[SISTEMA / PERFIL]],APOIO_EXPURGO_BUILD.UP[[Perfil de perdas]:[Build Up Preventia]],3,0))))) -> Man. Pneus | R30: =IF($Q30="","",(TAB_HISTORICO_MANUT[[#This Row],[Hora Final]]-TAB_HISTORICO_MANUT[[#This Row],[Hora Inicio]])*24) -> 12.427778 | S30: =IF(TAB_HISTORICO_MANUT[[#This Row],[Tipo]]<>"Mãe","",IF(TAB_HISTORICO_MANUT[[#This Row],[AJUSTE - EXPURGO (S/N)]]<>"",TAB_HISTORICO_MANUT[[#This Row],[AJUSTE - EXPURGO (S/N)]],IF(TAB_HISTORICO_MANUT[[#This Row],[Descricao Despacho]]=LISTAS_APOIO!$I$5,"SIM",IF(ISERROR(VLOOKUP(TAB_HISTORICO_MANUT[[#This Row],[Descricao Manutencao]],EXPURGO_FILHAS[EXPURGO - FILHAS],1,0)),(_xlfn.XLOOKUP(TAB_HISTORICO_MANUT[[#This Row],[SISTEMA / PERFIL]],APOIO_EXPURGO_BUILD.UP[Perfil de perdas],APOIO_EXPURGO_BUILD.UP[Expurgo],"ADICIONAR CÓDIGO",0,1)),"SIM")))) -> NÃO | T30: =IF(AND(TAB_HISTORICO_MANUT[[#This Row],[EXPURGO Mãe]]="SIM",TAB_HISTORICO_MANUT[[#This Row],[Tipo]]="MÃE"),"EXP.MAE",IF(TAB_HISTORICO_MANUT[[#This Row],[EXPURGO Mãe]]="NÃO","NÃO EXP.MAE",T29)) -> NÃO EXP.MAE | U30: =IF(TAB_HISTORICO_MANUT[[#This Row],[CHECK. EXP. MÃE]]="EXP.MAE","NÃO",IF(TAB_HISTORICO_MANUT[[#This Row],[Tipo]]="Filha",IF(TAB_HISTORICO_MANUT[[#This Row],[AJUSTE - EXPURGO (S/N)]]="",(IF(ISERROR(VLOOKUP(TAB_HISTORICO_MANUT[[#This Row],[Descricao Manutencao]],EXPURGO_FILHAS[EXPURGO - FILHAS],1,0)),"NÃO","SIM")),TAB_HISTORICO_MANUT[[#This Row],[AJUSTE - EXPURGO (S/N)]]),"NÃO")) -> NÃO | V30: =IF(TAB_HISTORICO_MANUT[[#This Row],[EXPURGO Filhas]]="SIM",MAX(TAB_HISTORICO_MANUT[[#This Row],[Hora Final]]-TAB_HISTORICO_MANUT[[#This Row],[Hora Inicio]],0),0) -> 0 | W30: =IF(AND((TAB_HISTORICO_MANUT[[#This Row],[DURAÇÃO - PRODUTO MANUAL]]+TAB_HISTORICO_MANUT[[#This Row],[DURAÇÃO - CARTA MANUAL]])=0,OR(TAB_HISTORICO_MANUT[[#This Row],[PRODUTO]]="SIM",TAB_HISTORICO_MANUT[[#This Row],[CARTA]]="SIM")),TAB_HISTORICO_MANUT[[#This Row],[Duração Ocorrencia]],TAB_HISTORICO_MANUT[[#This Row],[DURAÇÃO - PRODUTO MANUAL]]+TAB_HISTORICO_MANUT[[#This Row],[DURAÇÃO - CARTA MANUAL]]) -> 0 | X30: =IF(AND(TAB_HISTORICO_MANUT[[#This Row],[COMPONENTE]]="SIM",TAB_HISTORICO_MANUT[[#This Row],[DURAÇÃO - COMP. MANUAL]]=""),TAB_HISTORICO_MANUT[[#This Row],[Duração Ocorrencia]],TAB_HISTORICO_MANUT[[#This Row],[DURAÇÃO - COMP. MANUAL]]) -> 0 | Y30: 46041.189 | Z30: 46041.707 | AA30: CA1014KS101 | AB30: 202600328535 | AC30: 9010 | AD30: HMC - Hora de Manutenção Corretiva | AE30: HMC - EXEC BORRACHARIA | AF30: Mãe | AG30: =IF(TAB_HISTORICO_MANUT[[#This Row],[Hora Inicio]]="","",MONTH(TAB_HISTORICO_MANUT[[#This Row],[Hora Inicio]])) -> 1 | AH30: 202600328535 BAIXA PRESSÃO DE AR NO PNEU (TDE) ( AG. MAU TEMPO) CALIBRADO PNEU TDE | AI30: LOCOMOCAO | AJ30: RODA TDE | AK30: PNEU | AL30: BAIXA PRESSAO | AM30: CALIBRAR | AN30: Borracharia | AO30: Locomocao - Roda Tde | AP30: Pneu-Pressao
A31: =MONTH(TAB_HISTORICO_MANUT[[#This Row],[Hora Final]])-MONTH(TAB_HISTORICO_MANUT[[#This Row],[Hora Inicio]]) -> 0 | M31: SIM | N31: =IF(TAB_HISTORICO_MANUT[[#This Row],[AJUSTE - OCORRENCIA (0 / 1)]]<>"",TAB_HISTORICO_MANUT[[#This Row],[AJUSTE - OCORRENCIA (0 / 1)]],IF(OR(TAB_HISTORICO_MANUT[[#This Row],[Tipo]]="Filha",TAB_HISTORICO_MANUT[[#This Row],[Tipo]]=""),"",IF(AND(TAB_HISTORICO_MANUT[[#This Row],[Hora Inicio]]=Z30,TAB_HISTORICO_MANUT[[#This Row],[Equipamento]]=AA30,TAB_HISTORICO_MANUT[[#This Row],[Descricao Despacho]]=AD30),0,1))) | O31: =IF(TAB_HISTORICO_MANUT[[#This Row],[CONT. OCOR.]]="","",IF(TAB_HISTORICO_MANUT[[#This Row],[AJUSTE - SISTEMA]]<>"",TAB_HISTORICO_MANUT[[#This Row],[AJUSTE - SISTEMA]],IFERROR(VLOOKUP(TAB_HISTORICO_MANUT[[#This Row],[Sistema2]]&TAB_HISTORICO_MANUT[[#This Row],[Conjunto]],AJUSTE_PERFIL[#All],2,0),VLOOKUP(TAB_HISTORICO_MANUT[[#This Row],[Sistema2]],AJUSTE_PERFIL[],2,0)))) | P31: =IF(TAB_HISTORICO_MANUT[[#This Row],[CONT. OCOR.]]="","",IF(TAB_HISTORICO_MANUT[[#This Row],[Ajuste - Cod. Despacho]]="",TAB_HISTORICO_MANUT[[#This Row],[Descricao Despacho]],TAB_HISTORICO_MANUT[[#This Row],[Ajuste - Cod. Despacho]])) | Q31: =IF(TAB_HISTORICO_MANUT[[#This Row],[CONT. OCOR.]]="","",IF(TAB_HISTORICO_MANUT[[#This Row],[AJUSTE - BUILD UP]]<>"",TAB_HISTORICO_MANUT[[#This Row],[AJUSTE - BUILD UP]],IF(TAB_HISTORICO_MANUT[[#This Row],[Descricao Despacho]]=LISTAS_APOIO!$I$5,LISTAS_APOIO!$B$3,IF(OR(TAB_HISTORICO_MANUT[[#This Row],[Descricao Despacho]]=LISTAS_APOIO!$I$3,TAB_HISTORICO_MANUT[[#This Row],[Descricao Despacho]]=LISTAS_APOIO!$I$5),VLOOKUP(TAB_HISTORICO_MANUT[[#This Row],[SISTEMA / PERFIL]],APOIO_EXPURGO_BUILD.UP[[Perfil de perdas]:[Build Up Preventia]],2,0),VLOOKUP(TAB_HISTORICO_MANUT[[#This Row],[SISTEMA / PERFIL]],APOIO_EXPURGO_BUILD.UP[[Perfil de perdas]:[Build Up Preventia]],3,0))))) | R31: =IF($Q31="","",(TAB_HISTORICO_MANUT[[#This Row],[Hora Final]]-TAB_HISTORICO_MANUT[[#This Row],[Hora Inicio]])*24) | S31: =IF(TAB_HISTORICO_MANUT[[#This Row],[Tipo]]<>"Mãe","",IF(TAB_HISTORICO_MANUT[[#This Row],[AJUSTE - EXPURGO (S/N)]]<>"",TAB_HISTORICO_MANUT[[#This Row],[AJUSTE - EXPURGO (S/N)]],IF(TAB_HISTORICO_MANUT[[#This Row],[Descricao Despacho]]=LISTAS_APOIO!$I$5,"SIM",IF(ISERROR(VLOOKUP(TAB_HISTORICO_MANUT[[#This Row],[Descricao Manutencao]],EXPURGO_FILHAS[EXPURGO - FILHAS],1,0)),(_xlfn.XLOOKUP(TAB_HISTORICO_MANUT[[#This Row],[SISTEMA / PERFIL]],APOIO_EXPURGO_BUILD.UP[Perfil de perdas],APOIO_EXPURGO_BUILD.UP[Expurgo],"ADICIONAR CÓDIGO",0,1)),"SIM")))) | T31: =IF(AND(TAB_HISTORICO_MANUT[[#This Row],[EXPURGO Mãe]]="SIM",TAB_HISTORICO_MANUT[[#This Row],[Tipo]]="MÃE"),"EXP.MAE",IF(TAB_HISTORICO_MANUT[[#This Row],[EXPURGO Mãe]]="NÃO","NÃO EXP.MAE",T30)) -> NÃO EXP.MAE | U31: =IF(TAB_HISTORICO_MANUT[[#This Row],[CHECK. EXP. MÃE]]="EXP.MAE","NÃO",IF(TAB_HISTORICO_MANUT[[#This Row],[Tipo]]="Filha",IF(TAB_HISTORICO_MANUT[[#This Row],[AJUSTE - EXPURGO (S/N)]]="",(IF(ISERROR(VLOOKUP(TAB_HISTORICO_MANUT[[#This Row],[Descricao Manutencao]],EXPURGO_FILHAS[EXPURGO - FILHAS],1,0)),"NÃO","SIM")),TAB_HISTORICO_MANUT[[#This Row],[AJUSTE - EXPURGO (S/N)]]),"NÃO")) -> SIM | V31: =IF(TAB_HISTORICO_MANUT[[#This Row],[EXPURGO Filhas]]="SIM",MAX(TAB_HISTORICO_MANUT[[#This Row],[Hora Final]]-TAB_HISTORICO_MANUT[[#This Row],[Hora Inicio]],0),0) -> 0.41581273 | W31: =IF(AND((TAB_HISTORICO_MANUT[[#This Row],[DURAÇÃO - PRODUTO MANUAL]]+TAB_HISTORICO_MANUT[[#This Row],[DURAÇÃO - CARTA MANUAL]])=0,OR(TAB_HISTORICO_MANUT[[#This Row],[PRODUTO]]="SIM",TAB_HISTORICO_MANUT[[#This Row],[CARTA]]="SIM")),TAB_HISTORICO_MANUT[[#This Row],[Duração Ocorrencia]],TAB_HISTORICO_MANUT[[#This Row],[DURAÇÃO - PRODUTO MANUAL]]+TAB_HISTORICO_MANUT[[#This Row],[DURAÇÃO - CARTA MANUAL]]) -> 0 | X31: =IF(AND(TAB_HISTORICO_MANUT[[#This Row],[COMPONENTE]]="SIM",TAB_HISTORICO_MANUT[[#This Row],[DURAÇÃO - COMP. MANUAL]]=""),TAB_HISTORICO_MANUT[[#This Row],[Duração Ocorrencia]],TAB_HISTORICO_MANUT[[#This Row],[DURAÇÃO - COMP. MANUAL]]) -> 0 | Y31: 46041.291 | Z31: 46041.707 | AA31: CA1014KS101 | AB31: 202600328535 | AC31: 9010 | AD31: HMC - Hora de Manutenção Corretiva | AE31: HMC - EXEC BORRACHARIA | AF31: Filha | AG31: =IF(TAB_HISTORICO_MANUT[[#This Row],[Hora Inicio]]="","",MONTH(TAB_HISTORICO_MANUT[[#This Row],[Hora Inicio]])) -> 1 | AH31: 202600328535 BAIXA PRESSÃO DE AR NO PNEU (TDE) ( AG. MAU TEMPO) CALIBRADO PNEU TDE | AI31: LOCOMOCAO | AJ31: RODA TDE | AK31: PNEU | AL31: BAIXA PRESSAO | AM31: CALIBRAR | AN31: Borracharia | AO31: Locomocao - Roda Tde | AP31: Pneu-Pressao
A32: =MONTH(TAB_HISTORICO_MANUT[[#This Row],[Hora Final]])-MONTH(TAB_HISTORICO_MANUT[[#This Row],[Hora Inicio]]) -> 0 | N32: =IF(TAB_HISTORICO_MANUT[[#This Row],[AJUSTE - OCORRENCIA (0 / 1)]]<>"",TAB_HISTORICO_MANUT[[#This Row],[AJUSTE - OCORRENCIA (0 / 1)]],IF(OR(TAB_HISTORICO_MANUT[[#This Row],[Tipo]]="Filha",TAB_HISTORICO_MANUT[[#This Row],[Tipo]]=""),"",IF(AND(TAB_HISTORICO_MANUT[[#This Row],[Hora Inicio]]=Z31,TAB_HISTORICO_MANUT[[#This Row],[Equipamento]]=AA31,TAB_HISTORICO_MANUT[[#This Row],[Descricao Despacho]]=AD31),0,1))) -> 1 | O32: =IF(TAB_HISTORICO_MANUT[[#This Row],[CONT. OCOR.]]="","",IF(TAB_HISTORICO_MANUT[[#This Row],[AJUSTE - SISTEMA]]<>"",TAB_HISTORICO_MANUT[[#This Row],[AJUSTE - SISTEMA]],IFERROR(VLOOKUP(TAB_HISTORICO_MANUT[[#This Row],[Sistema2]]&TAB_HISTORICO_MANUT[[#This Row],[Conjunto]],AJUSTE_PERFIL[#All],2,0),VLOOKUP(TAB_HISTORICO_MANUT[[#This Row],[Sistema2]],AJUSTE_PERFIL[],2,0)))) -> INSPEÇÃO SENSITIVA | P32: =IF(TAB_HISTORICO_MANUT[[#This Row],[CONT. OCOR.]]="","",IF(TAB_HISTORICO_MANUT[[#This Row],[Ajuste - Cod. Despacho]]="",TAB_HISTORICO_MANUT[[#This Row],[Descricao Despacho]],TAB_HISTORICO_MANUT[[#This Row],[Ajuste - Cod. Despacho]])) -> MPNS - Hora Manutenção Preventiva não Sistemática | Q32: =IF(TAB_HISTORICO_MANUT[[#This Row],[CONT. OCOR.]]="","",IF(TAB_HISTORICO_MANUT[[#This Row],[AJUSTE - BUILD UP]]<>"",TAB_HISTORICO_MANUT[[#This Row],[AJUSTE - BUILD UP]],IF(TAB_HISTORICO_MANUT[[#This Row],[Descricao Despacho]]=LISTAS_APOIO!$I$5,LISTAS_APOIO!$B$3,IF(OR(TAB_HISTORICO_MANUT[[#This Row],[Descricao Despacho]]=LISTAS_APOIO!$I$3,TAB_HISTORICO_MANUT[[#This Row],[Descricao Despacho]]=LISTAS_APOIO!$I$5),VLOOKUP(TAB_HISTORICO_MANUT[[#This Row],[SISTEMA / PERFIL]],APOIO_EXPURGO_BUILD.UP[[Perfil de perdas]:[Build Up Preventia]],2,0),VLOOKUP(TAB_HISTORICO_MANUT[[#This Row],[SISTEMA / PERFIL]],APOIO_EXPURGO_BUILD.UP[[Perfil de perdas]:[Build Up Preventia]],3,0))))) -> Inspeção | R32: =IF($Q32="","",(TAB_HISTORICO_MANUT[[#This Row],[Hora Final]]-TAB_HISTORICO_MANUT[[#This Row],[Hora Inicio]])*24) -> 1.4266667 | S32: =IF(TAB_HISTORICO_MANUT[[#This Row],[Tipo]]<>"Mãe","",IF(TAB_HISTORICO_MANUT[[#This Row],[AJUSTE - EXPURGO (S/N)]]<>"",TAB_HISTORICO_MANUT[[#This Row],[AJUSTE - EXPURGO (S/N)]],IF(TAB_HISTORICO_MANUT[[#This Row],[Descricao Despacho]]=LISTAS_APOIO!$I$5,"SIM",IF(ISERROR(VLOOKUP(TAB_HISTORICO_MANUT[[#This Row],[Descricao Manutencao]],EXPURGO_FILHAS[EXPURGO - FILHAS],1,0)),(_xlfn.XLOOKUP(TAB_HISTORICO_MANUT[[#This Row],[SISTEMA / PERFIL]],APOIO_EXPURGO_BUILD.UP[Perfil de perdas],APOIO_EXPURGO_BUILD.UP[Expurgo],"ADICIONAR CÓDIGO",0,1)),"SIM")))) -> NÃO | T32: =IF(AND(TAB_HISTORICO_MANUT[[#This Row],[EXPURGO Mãe]]="SIM",TAB_HISTORICO_MANUT[[#This Row],[Tipo]]="MÃE"),"EXP.MAE",IF(TAB_HISTORICO_MANUT[[#This Row],[EXPURGO Mãe]]="NÃO","NÃO EXP.MAE",T31)) -> NÃO EXP.MAE | U32: =IF(TAB_HISTORICO_MANUT[[#This Row],[CHECK. EXP. MÃE]]="EXP.MAE","NÃO",IF(TAB_HISTORICO_MANUT[[#This Row],[Tipo]]="Filha",IF(TAB_HISTORICO_MANUT[[#This Row],[AJUSTE - EXPURGO (S/N)]]="",(IF(ISERROR(VLOOKUP(TAB_HISTORICO_MANUT[[#This Row],[Descricao Manutencao]],EXPURGO_FILHAS[EXPURGO - FILHAS],1,0)),"NÃO","SIM")),TAB_HISTORICO_MANUT[[#This Row],[AJUSTE - EXPURGO (S/N)]]),"NÃO")) -> NÃO | V32: =IF(TAB_HISTORICO_MANUT[[#This Row],[EXPURGO Filhas]]="SIM",MAX(TAB_HISTORICO_MANUT[[#This Row],[Hora Final]]-TAB_HISTORICO_MANUT[[#This Row],[Hora Inicio]],0),0) -> 0 | W32: =IF(AND((TAB_HISTORICO_MANUT[[#This Row],[DURAÇÃO - PRODUTO MANUAL]]+TAB_HISTORICO_MANUT[[#This Row],[DURAÇÃO - CARTA MANUAL]])=0,OR(TAB_HISTORICO_MANUT[[#This Row],[PRODUTO]]="SIM",TAB_HISTORICO_MANUT[[#This Row],[CARTA]]="SIM")),TAB_HISTORICO_MANUT[[#This Row],[Duração Ocorrencia]],TAB_HISTORICO_MANUT[[#This Row],[DURAÇÃO - PRODUTO MANUAL]]+TAB_HISTORICO_MANUT[[#This Row],[DURAÇÃO - CARTA MANUAL]]) -> 0 | X32: =IF(AND(TAB_HISTORICO_MANUT[[#This Row],[COMPONENTE]]="SIM",TAB_HISTORICO_MANUT[[#This Row],[DURAÇÃO - COMP. MANUAL]]=""),TAB_HISTORICO_MANUT[[#This Row],[Duração Ocorrencia]],TAB_HISTORICO_MANUT[[#This Row],[DURAÇÃO - COMP. MANUAL]]) -> 0 | Y32: 46042.556 | Z32: 46042.615 | AA32: CA1014KS101 | AC32: 8001 | AD32: MPNS - Hora Manutenção Preventiva não Sistemática | AE32: MPNS - EXEC MECANICA | AF32: Mãe | AG32: =IF(TAB_HISTORICO_MANUT[[#This Row],[Hora Inicio]]="","",MONTH(TAB_HISTORICO_MANUT[[#This Row],[Hora Inicio]])) -> 1 | AH32: MACHINE GEN Started a delay: MPNS - Exec mecanica | AI32: INSPEÇÃO
A33: =MONTH(TAB_HISTORICO_MANUT[[#This Row],[Hora Final]])-MONTH(TAB_HISTORICO_MANUT[[#This Row],[Hora Inicio]]) -> 0 | N33: =IF(TAB_HISTORICO_MANUT[[#This Row],[AJUSTE - OCORRENCIA (0 / 1)]]<>"",TAB_HISTORICO_MANUT[[#This Row],[AJUSTE - OCORRENCIA (0 / 1)]],IF(OR(TAB_HISTORICO_MANUT[[#This Row],[Tipo]]="Filha",TAB_HISTORICO_MANUT[[#This Row],[Tipo]]=""),"",IF(AND(TAB_HISTORICO_MANUT[[#This Row],[Hora Inicio]]=Z32,TAB_HISTORICO_MANUT[[#This Row],[Equipamento]]=AA32,TAB_HISTORICO_MANUT[[#This Row],[Descricao Despacho]]=AD32),0,1))) -> 1 | O33: =IF(TAB_HISTORICO_MANUT[[#This Row],[CONT. OCOR.]]="","",IF(TAB_HISTORICO_MANUT[[#This Row],[AJUSTE - SISTEMA]]<>"",TAB_HISTORICO_MANUT[[#This Row],[AJUSTE - SISTEMA]],IFERROR(VLOOKUP(TAB_HISTORICO_MANUT[[#This Row],[Sistema2]]&TAB_HISTORICO_MANUT[[#This Row],[Conjunto]],AJUSTE_PERFIL[#All],2,0),VLOOKUP(TAB_HISTORICO_MANUT[[#This Row],[Sistema2]],AJUSTE_PERFIL[],2,0)))) -> LOCOMOÇÃO | P33: =IF(TAB_HISTORICO_MANUT[[#This Row],[CONT. OCOR.]]="","",IF(TAB_HISTORICO_MANUT[[#This Row],[Ajuste - Cod. Despacho]]="",TAB_HISTORICO_MANUT[[#This Row],[Descricao Despacho]],TAB_HISTORICO_MANUT[[#This Row],[Ajuste - Cod. Despacho]])) -> MPNS - Hora Manutenção Preventiva não Sistemática | Q33: =IF(TAB_HISTORICO_MANUT[[#This Row],[CONT. OCOR.]]="","",IF(TAB_HISTORICO_MANUT[[#This Row],[AJUSTE - BUILD UP]]<>"",TAB_HISTORICO_MANUT[[#This Row],[AJUSTE - BUILD UP]],IF(TAB_HISTORICO_MANUT[[#This Row],[Descricao Despacho]]=LISTAS_APOIO!$I$5,LISTAS_APOIO!$B$3,IF(OR(TAB_HISTORICO_MANUT[[#This Row],[Descricao Despacho]]=LISTAS_APOIO!$I$3,TAB_HISTORICO_MANUT[[#This Row],[Descricao Despacho]]=LISTAS_APOIO!$I$5),VLOOKUP(TAB_HISTORICO_MANUT[[#This Row],[SISTEMA / PERFIL]],APOIO_EXPURGO_BUILD.UP[[Perfil de perdas]:[Build Up Preventia]],2,0),VLOOKUP(TAB_HISTORICO_MANUT[[#This Row],[SISTEMA / PERFIL]],APOIO_EXPURGO_BUILD.UP[[Perfil de perdas]:[Build Up Preventia]],3,0))))) -> Man. Pneus | R33: =IF($Q33="","",(TAB_HISTORICO_MANUT[[#This Row],[Hora Final]]-TAB_HISTORICO_MANUT[[#This Row],[Hora Inicio]])*24) -> 0.525 | S33: =IF(TAB_HISTORICO_MANUT[[#This Row],[Tipo]]<>"Mãe","",IF(TAB_HISTORICO_MANUT[[#This Row],[AJUSTE - EXPURGO (S/N)]]<>"",TAB_HISTORICO_MANUT[[#This Row],[AJUSTE - EXPURGO (S/N)]],IF(TAB_HISTORICO_MANUT[[#This Row],[Descricao Despacho]]=LISTAS_APOIO!$I$5,"SIM",IF(ISERROR(VLOOKUP(TAB_HISTORICO_MANUT[[#This Row],[Descricao Manutencao]],EXPURGO_FILHAS[EXPURGO - FILHAS],1,0)),(_xlfn.XLOOKUP(TAB_HISTORICO_MANUT[[#This Row],[SISTEMA / PERFIL]],APOIO_EXPURGO_BUILD.UP[Perfil de perdas],APOIO_EXPURGO_BUILD.UP[Expurgo],"ADICIONAR CÓDIGO",0,1)),"SIM")))) -> NÃO | T33: =IF(AND(TAB_HISTORICO_MANUT[[#This Row],[EXPURGO Mãe]]="SIM",TAB_HISTORICO_MANUT[[#This Row],[Tipo]]="MÃE"),"EXP.MAE",IF(TAB_HISTORICO_MANUT[[#This Row],[EXPURGO Mãe]]="NÃO","NÃO EXP.MAE",T32)) -> NÃO EXP.MAE | U33: =IF(TAB_HISTORICO_MANUT[[#This Row],[CHECK. EXP. MÃE]]="EXP.MAE","NÃO",IF(TAB_HISTORICO_MANUT[[#This Row],[Tipo]]="Filha",IF(TAB_HISTORICO_MANUT[[#This Row],[AJUSTE - EXPURGO (S/N)]]="",(IF(ISERROR(VLOOKUP(TAB_HISTORICO_MANUT[[#This Row],[Descricao Manutencao]],EXPURGO_FILHAS[EXPURGO - FILHAS],1,0)),"NÃO","SIM")),TAB_HISTORICO_MANUT[[#This Row],[AJUSTE - EXPURGO (S/N)]]),"NÃO")) -> NÃO | V33: =IF(TAB_HISTORICO_MANUT[[#This Row],[EXPURGO Filhas]]="SIM",MAX(TAB_HISTORICO_MANUT[[#This Row],[Hora Final]]-TAB_HISTORICO_MANUT[[#This Row],[Hora Inicio]],0),0) -> 0 | W33: =IF(AND((TAB_HISTORICO_MANUT[[#This Row],[DURAÇÃO - PRODUTO MANUAL]]+TAB_HISTORICO_MANUT[[#This Row],[DURAÇÃO - CARTA MANUAL]])=0,OR(TAB_HISTORICO_MANUT[[#This Row],[PRODUTO]]="SIM",TAB_HISTORICO_MANUT[[#This Row],[CARTA]]="SIM")),TAB_HISTORICO_MANUT[[#This Row],[Duração Ocorrencia]],TAB_HISTORICO_MANUT[[#This Row],[DURAÇÃO - PRODUTO MANUAL]]+TAB_HISTORICO_MANUT[[#This Row],[DURAÇÃO - CARTA MANUAL]]) -> 0 | X33: =IF(AND(TAB_HISTORICO_MANUT[[#This Row],[COMPONENTE]]="SIM",TAB_HISTORICO_MANUT[[#This Row],[DURAÇÃO - COMP. MANUAL]]=""),TAB_HISTORICO_MANUT[[#This Row],[Duração Ocorrencia]],TAB_HISTORICO_MANUT[[#This Row],[DURAÇÃO - COMP. MANUAL]]) -> 0 | Y33: 46042.646 | Z33: 46042.668 | AA33: CA1014KS101 | AC33: 8010 | AD33: MPNS - Hora Manutenção Preventiva não Sistemática | AE33: MPNS - EXEC BORRACHARIA | AF33: Mãe | AG33: =IF(TAB_HISTORICO_MANUT[[#This Row],[Hora Inicio]]="","",MONTH(TAB_HISTORICO_MANUT[[#This Row],[Hora Inicio]])) -> 1 | AH33: MACHINE GEN Started a delay: MPNS - Exec borracharia | AI33: LOCOMOCAO
A34: =MONTH(TAB_HISTORICO_MANUT[[#This Row],[Hora Final]])-MONTH(TAB_HISTORICO_MANUT[[#This Row],[Hora Inicio]]) -> 0 | M34: SIM | N34: =IF(TAB_HISTORICO_MANUT[[#This Row],[AJUSTE - OCORRENCIA (0 / 1)]]<>"",TAB_HISTORICO_MANUT[[#This Row],[AJUSTE - OCORRENCIA (0 / 1)]],IF(OR(TAB_HISTORICO_MANUT[[#This Row],[Tipo]]="Filha",TAB_HISTORICO_MANUT[[#This Row],[Tipo]]=""),"",IF(AND(TAB_HISTORICO_MANUT[[#This Row],[Hora Inicio]]=Z33,TAB_HISTORICO_MANUT[[#This Row],[Equipamento]]=AA33,TAB_HISTORICO_MANUT[[#This Row],[Descricao Despacho]]=AD33),0,1))) | O34: =IF(TAB_HISTORICO_MANUT[[#This Row],[CONT. OCOR.]]="","",IF(TAB_HISTORICO_MANUT[[#This Row],[AJUSTE - SISTEMA]]<>"",TAB_HISTORICO_MANUT[[#This Row],[AJUSTE - SISTEMA]],IFERROR(VLOOKUP(TAB_HISTORICO_MANUT[[#This Row],[Sistema2]]&TAB_HISTORICO_MANUT[[#This Row],[Conjunto]],AJUSTE_PERFIL[#All],2,0),VLOOKUP(TAB_HISTORICO_MANUT[[#This Row],[Sistema2]],AJUSTE_PERFIL[],2,0)))) | P34: =IF(TAB_HISTORICO_MANUT[[#This Row],[CONT. OCOR.]]="","",IF(TAB_HISTORICO_MANUT[[#This Row],[Ajuste - Cod. Despacho]]="",TAB_HISTORICO_MANUT[[#This Row],[Descricao Despacho]],TAB_HISTORICO_MANUT[[#This Row],[Ajuste - Cod. Despacho]])) | Q34: =IF(TAB_HISTORICO_MANUT[[#This Row],[CONT. OCOR.]]="","",IF(TAB_HISTORICO_MANUT[[#This Row],[AJUSTE - BUILD UP]]<>"",TAB_HISTORICO_MANUT[[#This Row],[AJUSTE - BUILD UP]],IF(TAB_HISTORICO_MANUT[[#This Row],[Descricao Despacho]]=LISTAS_APOIO!$I$5,LISTAS_APOIO!$B$3,IF(OR(TAB_HISTORICO_MANUT[[#This Row],[Descricao Despacho]]=LISTAS_APOIO!$I$3,TAB_HISTORICO_MANUT[[#This Row],[Descricao Despacho]]=LISTAS_APOIO!$I$5),VLOOKUP(TAB_HISTORICO_MANUT[[#This Row],[SISTEMA / PERFIL]],APOIO_EXPURGO_BUILD.UP[[Perfil de perdas]:[Build Up Preventia]],2,0),VLOOKUP(TAB_HISTORICO_MANUT[[#This Row],[SISTEMA / PERFIL]],APOIO_EXPURGO_BUILD.UP[[Perfil de perdas]:[Build Up Preventia]],3,0))))) | R34: =IF($Q34="","",(TAB_HISTORICO_MANUT[[#This Row],[Hora Final]]-TAB_HISTORICO_MANUT[[#This Row],[Hora Inicio]])*24) | S34: =IF(TAB_HISTORICO_MANUT[[#This Row],[Tipo]]<>"Mãe","",IF(TAB_HISTORICO_MANUT[[#This Row],[AJUSTE - EXPURGO (S/N)]]<>"",TAB_HISTORICO_MANUT[[#This Row],[AJUSTE - EXPURGO (S/N)]],IF(TAB_HISTORICO_MANUT[[#This Row],[Descricao Despacho]]=LISTAS_APOIO!$I$5,"SIM",IF(ISERROR(VLOOKUP(TAB_HISTORICO_MANUT[[#This Row],[Descricao Manutencao]],EXPURGO_FILHAS[EXPURGO - FILHAS],1,0)),(_xlfn.XLOOKUP(TAB_HISTORICO_MANUT[[#This Row],[SISTEMA / PERFIL]],APOIO_EXPURGO_BUILD.UP[Perfil de perdas],APOIO_EXPURGO_BUILD.UP[Expurgo],"ADICIONAR CÓDIGO",0,1)),"SIM")))) | T34: =IF(AND(TAB_HISTORICO_MANUT[[#This Row],[EXPURGO Mãe]]="SIM",TAB_HISTORICO_MANUT[[#This Row],[Tipo]]="MÃE"),"EXP.MAE",IF(TAB_HISTORICO_MANUT[[#This Row],[EXPURGO Mãe]]="NÃO","NÃO EXP.MAE",T33)) -> NÃO EXP.MAE | U34: =IF(TAB_HISTORICO_MANUT[[#This Row],[CHECK. EXP. MÃE]]="EXP.MAE","NÃO",IF(TAB_HISTORICO_MANUT[[#This Row],[Tipo]]="Filha",IF(TAB_HISTORICO_MANUT[[#This Row],[AJUSTE - EXPURGO (S/N)]]="",(IF(ISERROR(VLOOKUP(TAB_HISTORICO_MANUT[[#This Row],[Descricao Manutencao]],EXPURGO_FILHAS[EXPURGO - FILHAS],1,0)),"NÃO","SIM")),TAB_HISTORICO_MANUT[[#This Row],[AJUSTE - EXPURGO (S/N)]]),"NÃO")) -> SIM | V34: =IF(TAB_HISTORICO_MANUT[[#This Row],[EXPURGO Filhas]]="SIM",MAX(TAB_HISTORICO_MANUT[[#This Row],[Hora Final]]-TAB_HISTORICO_MANUT[[#This Row],[Hora Inicio]],0),0) -> 0.017565625 | W34: =IF(AND((TAB_HISTORICO_MANUT[[#This Row],[DURAÇÃO - PRODUTO MANUAL]]+TAB_HISTORICO_MANUT[[#This Row],[DURAÇÃO - CARTA MANUAL]])=0,OR(TAB_HISTORICO_MANUT[[#This Row],[PRODUTO]]="SIM",TAB_HISTORICO_MANUT[[#This Row],[CARTA]]="SIM")),TAB_HISTORICO_MANUT[[#This Row],[Duração Ocorrencia]],TAB_HISTORICO_MANUT[[#This Row],[DURAÇÃO - PRODUTO MANUAL]]+TAB_HISTORICO_MANUT[[#This Row],[DURAÇÃO - CARTA MANUAL]]) -> 0 | X34: =IF(AND(TAB_HISTORICO_MANUT[[#This Row],[COMPONENTE]]="SIM",TAB_HISTORICO_MANUT[[#This Row],[DURAÇÃO - COMP. MANUAL]]=""),TAB_HISTORICO_MANUT[[#This Row],[Duração Ocorrencia]],TAB_HISTORICO_MANUT[[#This Row],[DURAÇÃO - COMP. MANUAL]]) -> 0 | Y34: 46042.65 | Z34: 46042.668 | AA34: CA1014KS101 | AC34: 8010 | AD34: MPNS - Hora Manutenção Preventiva não Sistemática | AE34: MPNS - EXEC BORRACHARIA | AF34: Filha | AG34: =IF(TAB_HISTORICO_MANUT[[#This Row],[Hora Inicio]]="","",MONTH(TAB_HISTORICO_MANUT[[#This Row],[Hora Inicio]])) -> 1 | AH34: MACHINE GEN Started a delay: MPNS - Exec borracharia | AI34: LOCOMOCAO
A35: =MONTH(TAB_HISTORICO_MANUT[[#This Row],[Hora Final]])-MONTH(TAB_HISTORICO_MANUT[[#This Row],[Hora Inicio]]) -> 0 | N35: =IF(TAB_HISTORICO_MANUT[[#This Row],[AJUSTE - OCORRENCIA (0 / 1)]]<>"",TAB_HISTORICO_MANUT[[#This Row],[AJUSTE - OCORRENCIA (0 / 1)]],IF(OR(TAB_HISTORICO_MANUT[[#This Row],[Tipo]]="Filha",TAB_HISTORICO_MANUT[[#This Row],[Tipo]]=""),"",IF(AND(TAB_HISTORICO_MANUT[[#This Row],[Hora Inicio]]=Z34,TAB_HISTORICO_MANUT[[#This Row],[Equipamento]]=AA34,TAB_HISTORICO_MANUT[[#This Row],[Descricao Despacho]]=AD34),0,1))) -> 1 | O35: =IF(TAB_HISTORICO_MANUT[[#This Row],[CONT. OCOR.]]="","",IF(TAB_HISTORICO_MANUT[[#This Row],[AJUSTE - SISTEMA]]<>"",TAB_HISTORICO_MANUT[[#This Row],[AJUSTE - SISTEMA]],IFERROR(VLOOKUP(TAB_HISTORICO_MANUT[[#This Row],[Sistema2]]&TAB_HISTORICO_MANUT[[#This Row],[Conjunto]],AJUSTE_PERFIL[#All],2,0),VLOOKUP(TAB_HISTORICO_MANUT[[#This Row],[Sistema2]],AJUSTE_PERFIL[],2,0)))) -> ELETRICO | P35: =IF(TAB_HISTORICO_MANUT[[#This Row],[CONT. OCOR.]]="","",IF(TAB_HISTORICO_MANUT[[#This Row],[Ajuste - Cod. Despacho]]="",TAB_HISTORICO_MANUT[[#This Row],[Descricao Despacho]],TAB_HISTORICO_MANUT[[#This Row],[Ajuste - Cod. Despacho]])) -> HMC - Hora de Manutenção Corretiva | Q35: =IF(TAB_HISTORICO_MANUT[[#This Row],[CONT. OCOR.]]="","",IF(TAB_HISTORICO_MANUT[[#This Row],[AJUSTE - BUILD UP]]<>"",TAB_HISTORICO_MANUT[[#This Row],[AJUSTE - BUILD UP]],IF(TAB_HISTORICO_MANUT[[#This Row],[Descricao Despacho]]=LISTAS_APOIO!$I$5,LISTAS_APOIO!$B$3,IF(OR(TAB_HISTORICO_MANUT[[#This Row],[Descricao Despacho]]=LISTAS_APOIO!$I$3,TAB_HISTORICO_MANUT[[#This Row],[Descricao Despacho]]=LISTAS_APOIO!$I$5),VLOOKUP(TAB_HISTORICO_MANUT[[#This Row],[SISTEMA / PERFIL]],APOIO_EXPURGO_BUILD.UP[[Perfil de perdas]:[Build Up Preventia]],2,0),VLOOKUP(TAB_HISTORICO_MANUT[[#This Row],[SISTEMA / PERFIL]],APOIO_EXPURGO_BUILD.UP[[Perfil de perdas]:[Build Up Preventia]],3,0))))) -> Corretivas | R35: =IF($Q35="","",(TAB_HISTORICO_MANUT[[#This Row],[Hora Final]]-TAB_HISTORICO_MANUT[[#This Row],[Hora Inicio]])*24) -> 12.159167 | S35: =IF(TAB_HISTORICO_MANUT[[#This Row],[Tipo]]<>"Mãe","",IF(TAB_HISTORICO_MANUT[[#This Row],[AJUSTE - EXPURGO (S/N)]]<>"",TAB_HISTORICO_MANUT[[#This Row],[AJUSTE - EXPURGO (S/N)]],IF(TAB_HISTORICO_MANUT[[#This Row],[Descricao Despacho]]=LISTAS_APOIO!$I$5,"SIM",IF(ISERROR(VLOOKUP(TAB_HISTORICO_MANUT[[#This Row],[Descricao Manutencao]],EXPURGO_FILHAS[EXPURGO - FILHAS],1,0)),(_xlfn.XLOOKUP(TAB_HISTORICO_MANUT[[#This Row],[SISTEMA / PERFIL]],APOIO_EXPURGO_BUILD.UP[Perfil de perdas],APOIO_EXPURGO_BUILD.UP[Expurgo],"ADICIONAR CÓDIGO",0,1)),"SIM")))) -> NÃO | T35: =IF(AND(TAB_HISTORICO_MANUT[[#This Row],[EXPURGO Mãe]]="SIM",TAB_HISTORICO_MANUT[[#This Row],[Tipo]]="MÃE"),"EXP.MAE",IF(TAB_HISTORICO_MANUT[[#This Row],[EXPURGO Mãe]]="NÃO","NÃO EXP.MAE",T34)) -> NÃO EXP.MAE | U35: =IF(TAB_HISTORICO_MANUT[[#This Row],[CHECK. EXP. MÃE]]="EXP.MAE","NÃO",IF(TAB_HISTORICO_MANUT[[#This Row],[Tipo]]="Filha",IF(TAB_HISTORICO_MANUT[[#This Row],[AJUSTE - EXPURGO (S/N)]]="",(IF(ISERROR(VLOOKUP(TAB_HISTORICO_MANUT[[#This Row],[Descricao Manutencao]],EXPURGO_FILHAS[EXPURGO - FILHAS],1,0)),"NÃO","SIM")),TAB_HISTORICO_MANUT[[#This Row],[AJUSTE - EXPURGO (S/N)]]),"NÃO")) -> NÃO | V35: =IF(TAB_HISTORICO_MANUT[[#This Row],[EXPURGO Filhas]]="SIM",MAX(TAB_HISTORICO_MANUT[[#This Row],[Hora Final]]-TAB_HISTORICO_MANUT[[#This Row],[Hora Inicio]],0),0) -> 0 | W35: =IF(AND((TAB_HISTORICO_MANUT[[#This Row],[DURAÇÃO - PRODUTO MANUAL]]+TAB_HISTORICO_MANUT[[#This Row],[DURAÇÃO - CARTA MANUAL]])=0,OR(TAB_HISTORICO_MANUT[[#This Row],[PRODUTO]]="SIM",TAB_HISTORICO_MANUT[[#This Row],[CARTA]]="SIM")),TAB_HISTORICO_MANUT[[#This Row],[Duração Ocorrencia]],TAB_HISTORICO_MANUT[[#This Row],[DURAÇÃO - PRODUTO MANUAL]]+TAB_HISTORICO_MANUT[[#This Row],[DURAÇÃO - CARTA MANUAL]]) -> 0 | X35: =IF(AND(TAB_HISTORICO_MANUT[[#This Row],[COMPONENTE]]="SIM",TAB_HISTORICO_MANUT[[#This Row],[DURAÇÃO - COMP. MANUAL]]=""),TAB_HISTORICO_MANUT[[#This Row],[Duração Ocorrencia]],TAB_HISTORICO_MANUT[[#This Row],[DURAÇÃO - COMP. MANUAL]]) -> 0 | Y35: 46043.666 | Z35: 46044.172 | AA35: CA1014KS101 | AB35: 202600397699 | AC35: 9000 | AD35: HMC - Hora de Manutenção Corretiva | AE35: HMC - EXEC MANUT | AF35: Mãe | AG35: =IF(TAB_HISTORICO_MANUT[[#This Row],[Hora Inicio]]="","",MONTH(TAB_HISTORICO_MANUT[[#This Row],[Hora Inicio]])) -> 1 | AH35: SEM PARTIDA - REALIZAR SUBSTITUIÇÃO DAS BATERIAS - 202600397699 | AI35: ELETRICO | AJ35: BATERIA | AK35: BATERIA | AL35: BAIXA TENSAO | AM35: SUBSTITUIR | AN35: Elétrica | AO35: Eletrico - Bateria | AP35: Bateria
A36: =MONTH(TAB_HISTORICO_MANUT[[#This Row],[Hora Final]])-MONTH(TAB_HISTORICO_MANUT[[#This Row],[Hora Inicio]]) -> 0 | N36: =IF(TAB_HISTORICO_MANUT[[#This Row],[AJUSTE - OCORRENCIA (0 / 1)]]<>"",TAB_HISTORICO_MANUT[[#This Row],[AJUSTE - OCORRENCIA (0 / 1)]],IF(OR(TAB_HISTORICO_MANUT[[#This Row],[Tipo]]="Filha",TAB_HISTORICO_MANUT[[#This Row],[Tipo]]=""),"",IF(AND(TAB_HISTORICO_MANUT[[#This Row],[Hora Inicio]]=Z35,TAB_HISTORICO_MANUT[[#This Row],[Equipamento]]=AA35,TAB_HISTORICO_MANUT[[#This Row],[Descricao Despacho]]=AD35),0,1))) -> 1 | O36: =IF(TAB_HISTORICO_MANUT[[#This Row],[CONT. OCOR.]]="","",IF(TAB_HISTORICO_MANUT[[#This Row],[AJUSTE - SISTEMA]]<>"",TAB_HISTORICO_MANUT[[#This Row],[AJUSTE - SISTEMA]],IFERROR(VLOOKUP(TAB_HISTORICO_MANUT[[#This Row],[Sistema2]]&TAB_HISTORICO_MANUT[[#This Row],[Conjunto]],AJUSTE_PERFIL[#All],2,0),VLOOKUP(TAB_HISTORICO_MANUT[[#This Row],[Sistema2]],AJUSTE_PERFIL[],2,0)))) -> INSPEÇÃO SENSITIVA | P36: =IF(TAB_HISTORICO_MANUT[[#This Row],[CONT. OCOR.]]="","",IF(TAB_HISTORICO_MANUT[[#This Row],[Ajuste - Cod. Despacho]]="",TAB_HISTORICO_MANUT[[#This Row],[Descricao Despacho]],TAB_HISTORICO_MANUT[[#This Row],[Ajuste - Cod. Despacho]])) -> MPNS - Hora Manutenção Preventiva não Sistemática | Q36: =IF(TAB_HISTORICO_MANUT[[#This Row],[CONT. OCOR.]]="","",IF(TAB_HISTORICO_MANUT[[#This Row],[AJUSTE - BUILD UP]]<>"",TAB_HISTORICO_MANUT[[#This Row],[AJUSTE - BUILD UP]],IF(TAB_HISTORICO_MANUT[[#This Row],[Descricao Despacho]]=LISTAS_APOIO!$I$5,LISTAS_APOIO!$B$3,IF(OR(TAB_HISTORICO_MANUT[[#This Row],[Descricao Despacho]]=LISTAS_APOIO!$I$3,TAB_HISTORICO_MANUT[[#This Row],[Descricao Despacho]]=LISTAS_APOIO!$I$5),VLOOKUP(TAB_HISTORICO_MANUT[[#This Row],[SISTEMA / PERFIL]],APOIO_EXPURGO_BUILD.UP[[Perfil de perdas]:[Build Up Preventia]],2,0),VLOOKUP(TAB_HISTORICO_MANUT[[#This Row],[SISTEMA / PERFIL]],APOIO_EXPURGO_BUILD.UP[[Perfil de perdas]:[Build Up Preventia]],3,0))))) -> Inspeção | R36: =IF($Q36="","",(TAB_HISTORICO_MANUT[[#This Row],[Hora Final]]-TAB_HISTORICO_MANUT[[#This Row],[Hora Inicio]])*24) -> 0.55583333 | S36: =IF(TAB_HISTORICO_MANUT[[#This Row],[Tipo]]<>"Mãe","",IF(TAB_HISTORICO_MANUT[[#This Row],[AJUSTE - EXPURGO (S/N)]]<>"",TAB_HISTORICO_MANUT[[#This Row],[AJUSTE - EXPURGO (S/N)]],IF(TAB_HISTORICO_MANUT[[#This Row],[Descricao Despacho]]=LISTAS_APOIO!$I$5,"SIM",IF(ISERROR(VLOOKUP(TAB_HISTORICO_MANUT[[#This Row],[Descricao Manutencao]],EXPURGO_FILHAS[EXPURGO - FILHAS],1,0)),(_xlfn.XLOOKUP(TAB_HISTORICO_MANUT[[#This Row],[SISTEMA / PERFIL]],APOIO_EXPURGO_BUILD.UP[Perfil de perdas],APOIO_EXPURGO_BUILD.UP[Expurgo],"ADICIONAR CÓDIGO",0,1)),"SIM")))) -> NÃO | T36: =IF(AND(TAB_HISTORICO_MANUT[[#This Row],[EXPURGO Mãe]]="SIM",TAB_HISTORICO_MANUT[[#This Row],[Tipo]]="MÃE"),"EXP.MAE",IF(TAB_HISTORICO_MANUT[[#This Row],[EXPURGO Mãe]]="NÃO","NÃO EXP.MAE",T35)) -> NÃO EXP.MAE | U36: =IF(TAB_HISTORICO_MANUT[[#This Row],[CHECK. EXP. MÃE]]="EXP.MAE","NÃO",IF(TAB_HISTORICO_MANUT[[#This Row],[Tipo]]="Filha",IF(TAB_HISTORICO_MANUT[[#This Row],[AJUSTE - EXPURGO (S/N)]]="",(IF(ISERROR(VLOOKUP(TAB_HISTORICO_MANUT[[#This Row],[Descricao Manutencao]],EXPURGO_FILHAS[EXPURGO - FILHAS],1,0)),"NÃO","SIM")),TAB_HISTORICO_MANUT[[#This Row],[AJUSTE - EXPURGO (S/N)]]),"NÃO")) -> NÃO | V36: =IF(TAB_HISTORICO_MANUT[[#This Row],[EXPURGO Filhas]]="SIM",MAX(TAB_HISTORICO_MANUT[[#This Row],[Hora Final]]-TAB_HISTORICO_MANUT[[#This Row],[Hora Inicio]],0),0) -> 0 | W36: =IF(AND((TAB_HISTORICO_MANUT[[#This Row],[DURAÇÃO - PRODUTO MANUAL]]+TAB_HISTORICO_MANUT[[#This Row],[DURAÇÃO - CARTA MANUAL]])=0,OR(TAB_HISTORICO_MANUT[[#This Row],[PRODUTO]]="SIM",TAB_HISTORICO_MANUT[[#This Row],[CARTA]]="SIM")),TAB_HISTORICO_MANUT[[#This Row],[Duração Ocorrencia]],TAB_HISTORICO_MANUT[[#This Row],[DURAÇÃO - PRODUTO MANUAL]]+TAB_HISTORICO_MANUT[[#This Row],[DURAÇÃO - CARTA MANUAL]]) -> 0 | X36: =IF(AND(TAB_HISTORICO_MANUT[[#This Row],[COMPONENTE]]="SIM",TAB_HISTORICO_MANUT[[#This Row],[DURAÇÃO - COMP. MANUAL]]=""),TAB_HISTORICO_MANUT[[#This Row],[Duração Ocorrencia]],TAB_HISTORICO_MANUT[[#This Row],[DURAÇÃO - COMP. MANUAL]]) -> 0 | Y36: 46052.465 | Z36: 46052.488 | AA36: CA1014KS101 | AC36: 8001 | AD36: MPNS - Hora Manutenção Preventiva não Sistemática | AE36: MPNS - EXEC MECANICA | AF36: Mãe | AG36: =IF(TAB_HISTORICO_MANUT[[#This Row],[Hora Inicio]]="","",MONTH(TAB_HISTORICO_MANUT[[#This Row],[Hora Inicio]])) -> 1 | AH36: MACHINE GEN Started a delay: HMC - Exec terceiros trabalhando | AI36: INSPEÇÃO
A37: =MONTH(TAB_HISTORICO_MANUT[[#This Row],[Hora Final]])-MONTH(TAB_HISTORICO_MANUT[[#This Row],[Hora Inicio]]) -> 0 | M37: NÃO | N37: =IF(TAB_HISTORICO_MANUT[[#This Row],[AJUSTE - OCORRENCIA (0 / 1)]]<>"",TAB_HISTORICO_MANUT[[#This Row],[AJUSTE - OCORRENCIA (0 / 1)]],IF(OR(TAB_HISTORICO_MANUT[[#This Row],[Tipo]]="Filha",TAB_HISTORICO_MANUT[[#This Row],[Tipo]]=""),"",IF(AND(TAB_HISTORICO_MANUT[[#This Row],[Hora Inicio]]=Z36,TAB_HISTORICO_MANUT[[#This Row],[Equipamento]]=AA36,TAB_HISTORICO_MANUT[[#This Row],[Descricao Despacho]]=AD36),0,1))) -> 1 | O37: =IF(TAB_HISTORICO_MANUT[[#This Row],[CONT. OCOR.]]="","",IF(TAB_HISTORICO_MANUT[[#This Row],[AJUSTE - SISTEMA]]<>"",TAB_HISTORICO_MANUT[[#This Row],[AJUSTE - SISTEMA]],IFERROR(VLOOKUP(TAB_HISTORICO_MANUT[[#This Row],[Sistema2]]&TAB_HISTORICO_MANUT[[#This Row],[Conjunto]],AJUSTE_PERFIL[#All],2,0),VLOOKUP(TAB_HISTORICO_MANUT[[#This Row],[Sistema2]],AJUSTE_PERFIL[],2,0)))) -> REVISÃO PREVENTIVA | P37: =IF(TAB_HISTORICO_MANUT[[#This Row],[CONT. OCOR.]]="","",IF(TAB_HISTORICO_MANUT[[#This Row],[Ajuste - Cod. Despacho]]="",TAB_HISTORICO_MANUT[[#This Row],[Descricao Despacho]],TAB_HISTORICO_MANUT[[#This Row],[Ajuste - Cod. Despacho]])) -> MPS - Hora Manutenção Preventiva Sistemática | Q37: =IF(TAB_HISTORICO_MANUT[[#This Row],[CONT. OCOR.]]="","",IF(TAB_HISTORICO_MANUT[[#This Row],[AJUSTE - BUILD UP]]<>"",TAB_HISTORICO_MANUT[[#This Row],[AJUSTE - BUILD UP]],IF(TAB_HISTORICO_MANUT[[#This Row],[Descricao Despacho]]=LISTAS_APOIO!$I$5,LISTAS_APOIO!$B$3,IF(OR(TAB_HISTORICO_MANUT[[#This Row],[Descricao Despacho]]=LISTAS_APOIO!$I$3,TAB_HISTORICO_MANUT[[#This Row],[Descricao Despacho]]=LISTAS_APOIO!$I$5),VLOOKUP(TAB_HISTORICO_MANUT[[#This Row],[SISTEMA / PERFIL]],APOIO_EXPURGO_BUILD.UP[[Perfil de perdas]:[Build Up Preventia]],2,0),VLOOKUP(TAB_HISTORICO_MANUT[[#This Row],[SISTEMA / PERFIL]],APOIO_EXPURGO_BUILD.UP[[Perfil de perdas]:[Build Up Preventia]],3,0))))) -> Preventivas | R37: =IF($Q37="","",(TAB_HISTORICO_MANUT[[#This Row],[Hora Final]]-TAB_HISTORICO_MANUT[[#This Row],[Hora Inicio]])*24) -> 0.42638889 | S37: =IF(TAB_HISTORICO_MANUT[[#This Row],[Tipo]]<>"Mãe","",IF(TAB_HISTORICO_MANUT[[#This Row],[AJUSTE - EXPURGO (S/N)]]<>"",TAB_HISTORICO_MANUT[[#This Row],[AJUSTE - EXPURGO (S/N)]],IF(TAB_HISTORICO_MANUT[[#This Row],[Descricao Despacho]]=LISTAS_APOIO!$I$5,"SIM",IF(ISERROR(VLOOKUP(TAB_HISTORICO_MANUT[[#This Row],[Descricao Manutencao]],EXPURGO_FILHAS[EXPURGO - FILHAS],1,0)),(_xlfn.XLOOKUP(TAB_HISTORICO_MANUT[[#This Row],[SISTEMA / PERFIL]],APOIO_EXPURGO_BUILD.UP[Perfil de perdas],APOIO_EXPURGO_BUILD.UP[Expurgo],"ADICIONAR CÓDIGO",0,1)),"SIM")))) -> NÃO | T37: =IF(AND(TAB_HISTORICO_MANUT[[#This Row],[EXPURGO Mãe]]="SIM",TAB_HISTORICO_MANUT[[#This Row],[Tipo]]="MÃE"),"EXP.MAE",IF(TAB_HISTORICO_MANUT[[#This Row],[EXPURGO Mãe]]="NÃO","NÃO EXP.MAE",T36)) -> NÃO EXP.MAE | U37: =IF(TAB_HISTORICO_MANUT[[#This Row],[CHECK. EXP. MÃE]]="EXP.MAE","NÃO",IF(TAB_HISTORICO_MANUT[[#This Row],[Tipo]]="Filha",IF(TAB_HISTORICO_MANUT[[#This Row],[AJUSTE - EXPURGO (S/N)]]="",(IF(ISERROR(VLOOKUP(TAB_HISTORICO_MANUT[[#This Row],[Descricao Manutencao]],EXPURGO_FILHAS[EXPURGO - FILHAS],1,0)),"NÃO","SIM")),TAB_HISTORICO_MANUT[[#This Row],[AJUSTE - EXPURGO (S/N)]]),"NÃO")) -> NÃO | V37: =IF(TAB_HISTORICO_MANUT[[#This Row],[EXPURGO Filhas]]="SIM",MAX(TAB_HISTORICO_MANUT[[#This Row],[Hora Final]]-TAB_HISTORICO_MANUT[[#This Row],[Hora Inicio]],0),0) -> 0 | W37: =IF(AND((TAB_HISTORICO_MANUT[[#This Row],[DURAÇÃO - PRODUTO MANUAL]]+TAB_HISTORICO_MANUT[[#This Row],[DURAÇÃO - CARTA MANUAL]])=0,OR(TAB_HISTORICO_MANUT[[#This Row],[PRODUTO]]="SIM",TAB_HISTORICO_MANUT[[#This Row],[CARTA]]="SIM")),TAB_HISTORICO_MANUT[[#This Row],[Duração Ocorrencia]],TAB_HISTORICO_MANUT[[#This Row],[DURAÇÃO - PRODUTO MANUAL]]+TAB_HISTORICO_MANUT[[#This Row],[DURAÇÃO - CARTA MANUAL]]) -> 0 | X37: =IF(AND(TAB_HISTORICO_MANUT[[#This Row],[COMPONENTE]]="SIM",TAB_HISTORICO_MANUT[[#This Row],[DURAÇÃO - COMP. MANUAL]]=""),TAB_HISTORICO_MANUT[[#This Row],[Duração Ocorrencia]],TAB_HISTORICO_MANUT[[#This Row],[DURAÇÃO - COMP. MANUAL]]) -> 0 | Y37: 46055.577 | Z37: 46055.595 | AA37: CA1014KS101 | AC37: 7116 | AD37: MPS - Hora Manutenção Preventiva Sistemática | AE37: MPS - AG LOCOMOCAO | AF37: Mãe | AG37: =IF(TAB_HISTORICO_MANUT[[#This Row],[Hora Inicio]]="","",MONTH(TAB_HISTORICO_MANUT[[#This Row],[Hora Inicio]])) -> 2 | AH37: PM: 250h + 19 BL's | AI37: PREVENTIVA | AJ37: PITSTOP
A38: =MONTH(TAB_HISTORICO_MANUT[[#This Row],[Hora Final]])-MONTH(TAB_HISTORICO_MANUT[[#This Row],[Hora Inicio]]) -> 0 | N38: =IF(TAB_HISTORICO_MANUT[[#This Row],[AJUSTE - OCORRENCIA (0 / 1)]]<>"",TAB_HISTORICO_MANUT[[#This Row],[AJUSTE - OCORRENCIA (0 / 1)]],IF(OR(TAB_HISTORICO_MANUT[[#This Row],[Tipo]]="Filha",TAB_HISTORICO_MANUT[[#This Row],[Tipo]]=""),"",IF(AND(TAB_HISTORICO_MANUT[[#This Row],[Hora Inicio]]=Z37,TAB_HISTORICO_MANUT[[#This Row],[Equipamento]]=AA37,TAB_HISTORICO_MANUT[[#This Row],[Descricao Despacho]]=AD37),0,1))) -> 0 | O38: =IF(TAB_HISTORICO_MANUT[[#This Row],[CONT. OCOR.]]="","",IF(TAB_HISTORICO_MANUT[[#This Row],[AJUSTE - SISTEMA]]<>"",TAB_HISTORICO_MANUT[[#This Row],[AJUSTE - SISTEMA]],IFERROR(VLOOKUP(TAB_HISTORICO_MANUT[[#This Row],[Sistema2]]&TAB_HISTORICO_MANUT[[#This Row],[Conjunto]],AJUSTE_PERFIL[#All],2,0),VLOOKUP(TAB_HISTORICO_MANUT[[#This Row],[Sistema2]],AJUSTE_PERFIL[],2,0)))) -> REVISÃO PREVENTIVA | P38: =IF(TAB_HISTORICO_MANUT[[#This Row],[CONT. OCOR.]]="","",IF(TAB_HISTORICO_MANUT[[#This Row],[Ajuste - Cod. Despacho]]="",TAB_HISTORICO_MANUT[[#This Row],[Descricao Despacho]],TAB_HISTORICO_MANUT[[#This Row],[Ajuste - Cod. Despacho]])) -> MPS - Hora Manutenção Preventiva Sistemática | Q38: =IF(TAB_HISTORICO_MANUT[[#This Row],[CONT. OCOR.]]="","",IF(TAB_HISTORICO_MANUT[[#This Row],[AJUSTE - BUILD UP]]<>"",TAB_HISTORICO_MANUT[[#This Row],[AJUSTE - BUILD UP]],IF(TAB_HISTORICO_MANUT[[#This Row],[Descricao Despacho]]=LISTAS_APOIO!$I$5,LISTAS_APOIO!$B$3,IF(OR(TAB_HISTORICO_MANUT[[#This Row],[Descricao Despacho]]=LISTAS_APOIO!$I$3,TAB_HISTORICO_MANUT[[#This Row],[Descricao Despacho]]=LISTAS_APOIO!$I$5),VLOOKUP(TAB_HISTORICO_MANUT[[#This Row],[SISTEMA / PERFIL]],APOIO_EXPURGO_BUILD.UP[[Perfil de perdas]:[Build Up Preventia]],2,0),VLOOKUP(TAB_HISTORICO_MANUT[[#This Row],[SISTEMA / PERFIL]],APOIO_EXPURGO_BUILD.UP[[Perfil de perdas]:[Build Up Preventia]],3,0))))) -> Preventivas | R38: =IF($Q38="","",(TAB_HISTORICO_MANUT[[#This Row],[Hora Final]]-TAB_HISTORICO_MANUT[[#This Row],[Hora Inicio]])*24) -> 10.174722 | S38: =IF(TAB_HISTORICO_MANUT[[#This Row],[Tipo]]<>"Mãe","",IF(TAB_HISTORICO_MANUT[[#This Row],[AJUSTE - EXPURGO (S/N)]]<>"",TAB_HISTORICO_MANUT[[#This Row],[AJUSTE - EXPURGO (S/N)]],IF(TAB_HISTORICO_MANUT[[#This Row],[Descricao Despacho]]=LISTAS_APOIO!$I$5,"SIM",IF(ISERROR(VLOOKUP(TAB_HISTORICO_MANUT[[#This Row],[Descricao Manutencao]],EXPURGO_FILHAS[EXPURGO - FILHAS],1,0)),(_xlfn.XLOOKUP(TAB_HISTORICO_MANUT[[#This Row],[SISTEMA / PERFIL]],APOIO_EXPURGO_BUILD.UP[Perfil de perdas],APOIO_EXPURGO_BUILD.UP[Expurgo],"ADICIONAR CÓDIGO",0,1)),"SIM")))) -> NÃO | T38: =IF(AND(TAB_HISTORICO_MANUT[[#This Row],[EXPURGO Mãe]]="SIM",TAB_HISTORICO_MANUT[[#This Row],[Tipo]]="MÃE"),"EXP.MAE",IF(TAB_HISTORICO_MANUT[[#This Row],[EXPURGO Mãe]]="NÃO","NÃO EXP.MAE",T37)) -> NÃO EXP.MAE | U38: =IF(TAB_HISTORICO_MANUT[[#This Row],[CHECK. EXP. MÃE]]="EXP.MAE","NÃO",IF(TAB_HISTORICO_MANUT[[#This Row],[Tipo]]="Filha",IF(TAB_HISTORICO_MANUT[[#This Row],[AJUSTE - EXPURGO (S/N)]]="",(IF(ISERROR(VLOOKUP(TAB_HISTORICO_MANUT[[#This Row],[Descricao Manutencao]],EXPURGO_FILHAS[EXPURGO - FILHAS],1,0)),"NÃO","SIM")),TAB_HISTORICO_MANUT[[#This Row],[AJUSTE - EXPURGO (S/N)]]),"NÃO")) -> NÃO | V38: =IF(TAB_HISTORICO_MANUT[[#This Row],[EXPURGO Filhas]]="SIM",MAX(TAB_HISTORICO_MANUT[[#This Row],[Hora Final]]-TAB_HISTORICO_MANUT[[#This Row],[Hora Inicio]],0),0) -> 0 | W38: =IF(AND((TAB_HISTORICO_MANUT[[#This Row],[DURAÇÃO - PRODUTO MANUAL]]+TAB_HISTORICO_MANUT[[#This Row],[DURAÇÃO - CARTA MANUAL]])=0,OR(TAB_HISTORICO_MANUT[[#This Row],[PRODUTO]]="SIM",TAB_HISTORICO_MANUT[[#This Row],[CARTA]]="SIM")),TAB_HISTORICO_MANUT[[#This Row],[Duração Ocorrencia]],TAB_HISTORICO_MANUT[[#This Row],[DURAÇÃO - PRODUTO MANUAL]]+TAB_HISTORICO_MANUT[[#This Row],[DURAÇÃO - CARTA MANUAL]]) -> 0 | X38: =IF(AND(TAB_HISTORICO_MANUT[[#This Row],[COMPONENTE]]="SIM",TAB_HISTORICO_MANUT[[#This Row],[DURAÇÃO - COMP. MANUAL]]=""),TAB_HISTORICO_MANUT[[#This Row],[Duração Ocorrencia]],TAB_HISTORICO_MANUT[[#This Row],[DURAÇÃO - COMP. MANUAL]]) -> 0 | Y38: 46055.595 | Z38: 46056.019 | AA38: CA1014KS101 | AC38: 7000 | AD38: MPS - Hora Manutenção Preventiva Sistemática | AE38: MPS - EXEC MANUT | AF38: Mãe | AG38: =IF(TAB_HISTORICO_MANUT[[#This Row],[Hora Inicio]]="","",MONTH(TAB_HISTORICO_MANUT[[#This Row],[Hora Inicio]])) -> 2 | AH38: PM: 250h + 19 BL's | AI38: PREVENTIVA | AJ38: PITSTOP
A39: =MONTH(TAB_HISTORICO_MANUT[[#This Row],[Hora Final]])-MONTH(TAB_HISTORICO_MANUT[[#This Row],[Hora Inicio]]) -> 0 | M39: SIM | N39: =IF(TAB_HISTORICO_MANUT[[#This Row],[AJUSTE - OCORRENCIA (0 / 1)]]<>"",TAB_HISTORICO_MANUT[[#This Row],[AJUSTE - OCORRENCIA (0 / 1)]],IF(OR(TAB_HISTORICO_MANUT[[#This Row],[Tipo]]="Filha",TAB_HISTORICO_MANUT[[#This Row],[Tipo]]=""),"",IF(AND(TAB_HISTORICO_MANUT[[#This Row],[Hora Inicio]]=Z38,TAB_HISTORICO_MANUT[[#This Row],[Equipamento]]=AA38,TAB_HISTORICO_MANUT[[#This Row],[Descricao Despacho]]=AD38),0,1))) | O39: =IF(TAB_HISTORICO_MANUT[[#This Row],[CONT. OCOR.]]="","",IF(TAB_HISTORICO_MANUT[[#This Row],[AJUSTE - SISTEMA]]<>"",TAB_HISTORICO_MANUT[[#This Row],[AJUSTE - SISTEMA]],IFERROR(VLOOKUP(TAB_HISTORICO_MANUT[[#This Row],[Sistema2]]&TAB_HISTORICO_MANUT[[#This Row],[Conjunto]],AJUSTE_PERFIL[#All],2,0),VLOOKUP(TAB_HISTORICO_MANUT[[#This Row],[Sistema2]],AJUSTE_PERFIL[],2,0)))) | P39: =IF(TAB_HISTORICO_MANUT[[#This Row],[CONT. OCOR.]]="","",IF(TAB_HISTORICO_MANUT[[#This Row],[Ajuste - Cod. Despacho]]="",TAB_HISTORICO_MANUT[[#This Row],[Descricao Despacho]],TAB_HISTORICO_MANUT[[#This Row],[Ajuste - Cod. Despacho]])) | Q39: =IF(TAB_HISTORICO_MANUT[[#This Row],[CONT. OCOR.]]="","",IF(TAB_HISTORICO_MANUT[[#This Row],[AJUSTE - BUILD UP]]<>"",TAB_HISTORICO_MANUT[[#This Row],[AJUSTE - BUILD UP]],IF(TAB_HISTORICO_MANUT[[#This Row],[Descricao Despacho]]=LISTAS_APOIO!$I$5,LISTAS_APOIO!$B$3,IF(OR(TAB_HISTORICO_MANUT[[#This Row],[Descricao Despacho]]=LISTAS_APOIO!$I$3,TAB_HISTORICO_MANUT[[#This Row],[Descricao Despacho]]=LISTAS_APOIO!$I$5),VLOOKUP(TAB_HISTORICO_MANUT[[#This Row],[SISTEMA / PERFIL]],APOIO_EXPURGO_BUILD.UP[[Perfil de perdas]:[Build Up Preventia]],2,0),VLOOKUP(TAB_HISTORICO_MANUT[[#This Row],[SISTEMA / PERFIL]],APOIO_EXPURGO_BUILD.UP[[Perfil de perdas]:[Build Up Preventia]],3,0))))) | R39: =IF($Q39="","",(TAB_HISTORICO_MANUT[[#This Row],[Hora Final]]-TAB_HISTORICO_MANUT[[#This Row],[Hora Inicio]])*24) | S39: =IF(TAB_HISTORICO_MANUT[[#This Row],[Tipo]]<>"Mãe","",IF(TAB_HISTORICO_MANUT[[#This Row],[AJUSTE - EXPURGO (S/N)]]<>"",TAB_HISTORICO_MANUT[[#This Row],[AJUSTE - EXPURGO (S/N)]],IF(TAB_HISTORICO_MANUT[[#This Row],[Descricao Despacho]]=LISTAS_APOIO!$I$5,"SIM",IF(ISERROR(VLOOKUP(TAB_HISTORICO_MANUT[[#This Row],[Descricao Manutencao]],EXPURGO_FILHAS[EXPURGO - FILHAS],1,0)),(_xlfn.XLOOKUP(TAB_HISTORICO_MANUT[[#This Row],[SISTEMA / PERFIL]],APOIO_EXPURGO_BUILD.UP[Perfil de perdas],APOIO_EXPURGO_BUILD.UP[Expurgo],"ADICIONAR CÓDIGO",0,1)),"SIM")))) | T39: =IF(AND(TAB_HISTORICO_MANUT[[#This Row],[EXPURGO Mãe]]="SIM",TAB_HISTORICO_MANUT[[#This Row],[Tipo]]="MÃE"),"EXP.MAE",IF(TAB_HISTORICO_MANUT[[#This Row],[EXPURGO Mãe]]="NÃO","NÃO EXP.MAE",T38)) -> NÃO EXP.MAE | U39: =IF(TAB_HISTORICO_MANUT[[#This Row],[CHECK. EXP. MÃE]]="EXP.MAE","NÃO",IF(TAB_HISTORICO_MANUT[[#This Row],[Tipo]]="Filha",IF(TAB_HISTORICO_MANUT[[#This Row],[AJUSTE - EXPURGO (S/N)]]="",(IF(ISERROR(VLOOKUP(TAB_HISTORICO_MANUT[[#This Row],[Descricao Manutencao]],EXPURGO_FILHAS[EXPURGO - FILHAS],1,0)),"NÃO","SIM")),TAB_HISTORICO_MANUT[[#This Row],[AJUSTE - EXPURGO (S/N)]]),"NÃO")) -> SIM | V39: =IF(TAB_HISTORICO_MANUT[[#This Row],[EXPURGO Filhas]]="SIM",MAX(TAB_HISTORICO_MANUT[[#This Row],[Hora Final]]-TAB_HISTORICO_MANUT[[#This Row],[Hora Inicio]],0),0) -> 0.12986 | W39: =IF(AND((TAB_HISTORICO_MANUT[[#This Row],[DURAÇÃO - PRODUTO MANUAL]]+TAB_HISTORICO_MANUT[[#This Row],[DURAÇÃO - CARTA MANUAL]])=0,OR(TAB_HISTORICO_MANUT[[#This Row],[PRODUTO]]="SIM",TAB_HISTORICO_MANUT[[#This Row],[CARTA]]="SIM")),TAB_HISTORICO_MANUT[[#This Row],[Duração Ocorrencia]],TAB_HISTORICO_MANUT[[#This Row],[DURAÇÃO - PRODUTO MANUAL]]+TAB_HISTORICO_MANUT[[#This Row],[DURAÇÃO - CARTA MANUAL]]) -> 0 | X39: =IF(AND(TAB_HISTORICO_MANUT[[#This Row],[COMPONENTE]]="SIM",TAB_HISTORICO_MANUT[[#This Row],[DURAÇÃO - COMP. MANUAL]]=""),TAB_HISTORICO_MANUT[[#This Row],[Duração Ocorrencia]],TAB_HISTORICO_MANUT[[#This Row],[DURAÇÃO - COMP. MANUAL]]) -> 0 | Y39: 46055.906 | Z39: 46056.036 | AA39: CA1014KS101 | AC39: 7000 | AD39: MPS - Hora Manutenção Preventiva Sistemática | AE39: MPS - EXEC MANUT | AF39: Filha | AG39: =IF(TAB_HISTORICO_MANUT[[#This Row],[Hora Inicio]]="","",MONTH(TAB_HISTORICO_MANUT[[#This Row],[Hora Inicio]])) -> 2 | AH39: Comboio reabastecer | AI39: PREVENTIVA | AJ39: PITSTOP
A40: =MONTH(TAB_HISTORICO_MANUT[[#This Row],[Hora Final]])-MONTH(TAB_HISTORICO_MANUT[[#This Row],[Hora Inicio]]) -> 0 | N40: =IF(TAB_HISTORICO_MANUT[[#This Row],[AJUSTE - OCORRENCIA (0 / 1)]]<>"",TAB_HISTORICO_MANUT[[#This Row],[AJUSTE - OCORRENCIA (0 / 1)]],IF(OR(TAB_HISTORICO_MANUT[[#This Row],[Tipo]]="Filha",TAB_HISTORICO_MANUT[[#This Row],[Tipo]]=""),"",IF(AND(TAB_HISTORICO_MANUT[[#This Row],[Hora Inicio]]=Z39,TAB_HISTORICO_MANUT[[#This Row],[Equipamento]]=AA39,TAB_HISTORICO_MANUT[[#This Row],[Descricao Despacho]]=AD39),0,1))) -> 1 | O40: =IF(TAB_HISTORICO_MANUT[[#This Row],[CONT. OCOR.]]="","",IF(TAB_HISTORICO_MANUT[[#This Row],[AJUSTE - SISTEMA]]<>"",TAB_HISTORICO_MANUT[[#This Row],[AJUSTE - SISTEMA]],IFERROR(VLOOKUP(TAB_HISTORICO_MANUT[[#This Row],[Sistema2]]&TAB_HISTORICO_MANUT[[#This Row],[Conjunto]],AJUSTE_PERFIL[#All],2,0),VLOOKUP(TAB_HISTORICO_MANUT[[#This Row],[Sistema2]],AJUSTE_PERFIL[],2,0)))) -> SISTEMA ALERTA DE FADIGA | P40: =IF(TAB_HISTORICO_MANUT[[#This Row],[CONT. OCOR.]]="","",IF(TAB_HISTORICO_MANUT[[#This Row],[Ajuste - Cod. Despacho]]="",TAB_HISTORICO_MANUT[[#This Row],[Descricao Despacho]],TAB_HISTORICO_MANUT[[#This Row],[Ajuste - Cod. Despacho]])) -> MPNS - Hora Manutenção Preventiva não Sistemática | Q40: =IF(TAB_HISTORICO_MANUT[[#This Row],[CONT. OCOR.]]="","",IF(TAB_HISTORICO_MANUT[[#This Row],[AJUSTE - BUILD UP]]<>"",TAB_HISTORICO_MANUT[[#This Row],[AJUSTE - BUILD UP]],IF(TAB_HISTORICO_MANUT[[#This Row],[Descricao Despacho]]=LISTAS_APOIO!$I$5,LISTAS_APOIO!$B$3,IF(OR(TAB_HISTORICO_MANUT[[#This Row],[Descricao Despacho]]=LISTAS_APOIO!$I$3,TAB_HISTORICO_MANUT[[#This Row],[Descricao Despacho]]=LISTAS_APOIO!$I$5),VLOOKUP(TAB_HISTORICO_MANUT[[#This Row],[SISTEMA / PERFIL]],APOIO_EXPURGO_BUILD.UP[[Perfil de perdas]:[Build Up Preventia]],2,0),VLOOKUP(TAB_HISTORICO_MANUT[[#This Row],[SISTEMA / PERFIL]],APOIO_EXPURGO_BUILD.UP[[Perfil de perdas]:[Build Up Preventia]],3,0))))) -> Acessórios | R40: =IF($Q40="","",(TAB_HISTORICO_MANUT[[#This Row],[Hora Final]]-TAB_HISTORICO_MANUT[[#This Row],[Hora Inicio]])*24) -> 0.4625 | S40: =IF(TAB_HISTORICO_MANUT[[#This Row],[Tipo]]<>"Mãe","",IF(TAB_HISTORICO_MANUT[[#This Row],[AJUSTE - EXPURGO (S/N)]]<>"",TAB_HISTORICO_MANUT[[#This Row],[AJUSTE - EXPURGO (S/N)]],IF(TAB_HISTORICO_MANUT[[#This Row],[Descricao Despacho]]=LISTAS_APOIO!$I$5,"SIM",IF(ISERROR(VLOOKUP(TAB_HISTORICO_MANUT[[#This Row],[Descricao Manutencao]],EXPURGO_FILHAS[EXPURGO - FILHAS],1,0)),(_xlfn.XLOOKUP(TAB_HISTORICO_MANUT[[#This Row],[SISTEMA / PERFIL]],APOIO_EXPURGO_BUILD.UP[Perfil de perdas],APOIO_EXPURGO_BUILD.UP[Expurgo],"ADICIONAR CÓDIGO",0,1)),"SIM")))) -> SIM | T40: =IF(AND(TAB_HISTORICO_MANUT[[#This Row],[EXPURGO Mãe]]="SIM",TAB_HISTORICO_MANUT[[#This Row],[Tipo]]="MÃE"),"EXP.MAE",IF(TAB_HISTORICO_MANUT[[#This Row],[EXPURGO Mãe]]="NÃO","NÃO EXP.MAE",T39)) -> EXP.MAE | U40: =IF(TAB_HISTORICO_MANUT[[#This Row],[CHECK. EXP. MÃE]]="EXP.MAE","NÃO",IF(TAB_HISTORICO_MANUT[[#This Row],[Tipo]]="Filha",IF(TAB_HISTORICO_MANUT[[#This Row],[AJUSTE - EXPURGO (S/N)]]="",(IF(ISERROR(VLOOKUP(TAB_HISTORICO_MANUT[[#This Row],[Descricao Manutencao]],EXPURGO_FILHAS[EXPURGO - FILHAS],1,0)),"NÃO","SIM")),TAB_HISTORICO_MANUT[[#This Row],[AJUSTE - EXPURGO (S/N)]]),"NÃO")) -> NÃO | V40: =IF(TAB_HISTORICO_MANUT[[#This Row],[EXPURGO Filhas]]="SIM",MAX(TAB_HISTORICO_MANUT[[#This Row],[Hora Final]]-TAB_HISTORICO_MANUT[[#This Row],[Hora Inicio]],0),0) -> 0 | W40: =IF(AND((TAB_HISTORICO_MANUT[[#This Row],[DURAÇÃO - PRODUTO MANUAL]]+TAB_HISTORICO_MANUT[[#This Row],[DURAÇÃO - CARTA MANUAL]])=0,OR(TAB_HISTORICO_MANUT[[#This Row],[PRODUTO]]="SIM",TAB_HISTORICO_MANUT[[#This Row],[CARTA]]="SIM")),TAB_HISTORICO_MANUT[[#This Row],[Duração Ocorrencia]],TAB_HISTORICO_MANUT[[#This Row],[DURAÇÃO - PRODUTO MANUAL]]+TAB_HISTORICO_MANUT[[#This Row],[DURAÇÃO - CARTA MANUAL]]) -> 0 | X40: =IF(AND(TAB_HISTORICO_MANUT[[#This Row],[COMPONENTE]]="SIM",TAB_HISTORICO_MANUT[[#This Row],[DURAÇÃO - COMP. MANUAL]]=""),TAB_HISTORICO_MANUT[[#This Row],[Duração Ocorrencia]],TAB_HISTORICO_MANUT[[#This Row],[DURAÇÃO - COMP. MANUAL]]) -> 0 | Y40: 46056.705 | Z40: 46056.724 | AA40: CA1014KS101 | AC40: 8032 | AD40: MPNS - Hora Manutenção Preventiva não Sistemática | AE40: MPNS - EXEC TERCEIROS TRABALHANDO | AF40: Mãe | AG40: =IF(TAB_HISTORICO_MANUT[[#This Row],[Hora Inicio]]="","",MONTH(TAB_HISTORICO_MANUT[[#This Row],[Hora Inicio]])) -> 2 | AH40: PROJETO CREARE | AI40: SISTEMA ALERTA DE FADIGA | AJ40: CREARE | AK40: CREARE | AL40: FALHA | AM40: CORRIGIR
A41: =MONTH(TAB_HISTORICO_MANUT[[#This Row],[Hora Final]])-MONTH(TAB_HISTORICO_MANUT[[#This Row],[Hora Inicio]]) -> 0 | N41: =IF(TAB_HISTORICO_MANUT[[#This Row],[AJUSTE - OCORRENCIA (0 / 1)]]<>"",TAB_HISTORICO_MANUT[[#This Row],[AJUSTE - OCORRENCIA (0 / 1)]],IF(OR(TAB_HISTORICO_MANUT[[#This Row],[Tipo]]="Filha",TAB_HISTORICO_MANUT[[#This Row],[Tipo]]=""),"",IF(AND(TAB_HISTORICO_MANUT[[#This Row],[Hora Inicio]]=Z40,TAB_HISTORICO_MANUT[[#This Row],[Equipamento]]=AA40,TAB_HISTORICO_MANUT[[#This Row],[Descricao Despacho]]=AD40),0,1))) -> 1 | O41: =IF(TAB_HISTORICO_MANUT[[#This Row],[CONT. OCOR.]]="","",IF(TAB_HISTORICO_MANUT[[#This Row],[AJUSTE - SISTEMA]]<>"",TAB_HISTORICO_MANUT[[#This Row],[AJUSTE - SISTEMA]],IFERROR(VLOOKUP(TAB_HISTORICO_MANUT[[#This Row],[Sistema2]]&TAB_HISTORICO_MANUT[[#This Row],[Conjunto]],AJUSTE_PERFIL[#All],2,0),VLOOKUP(TAB_HISTORICO_MANUT[[#This Row],[Sistema2]],AJUSTE_PERFIL[],2,0)))) -> ELETRICO | P41: =IF(TAB_HISTORICO_MANUT[[#This Row],[CONT. OCOR.]]="","",IF(TAB_HISTORICO_MANUT[[#This Row],[Ajuste - Cod. Despacho]]="",TAB_HISTORICO_MANUT[[#This Row],[Descricao Despacho]],TAB_HISTORICO_MANUT[[#This Row],[Ajuste - Cod. Despacho]])) -> HMC - Hora de Manutenção Corretiva | Q41: =IF(TAB_HISTORICO_MANUT[[#This Row],[CONT. OCOR.]]="","",IF(TAB_HISTORICO_MANUT[[#This Row],[AJUSTE - BUILD UP]]<>"",TAB_HISTORICO_MANUT[[#This Row],[AJUSTE - BUILD UP]],IF(TAB_HISTORICO_MANUT[[#This Row],[Descricao Despacho]]=LISTAS_APOIO!$I$5,LISTAS_APOIO!$B$3,IF(OR(TAB_HISTORICO_MANUT[[#This Row],[Descricao Despacho]]=LISTAS_APOIO!$I$3,TAB_HISTORICO_MANUT[[#This Row],[Descricao Despacho]]=LISTAS_APOIO!$I$5),VLOOKUP(TAB_HISTORICO_MANUT[[#This Row],[SISTEMA / PERFIL]],APOIO_EXPURGO_BUILD.UP[[Perfil de perdas]:[Build Up Preventia]],2,0),VLOOKUP(TAB_HISTORICO_MANUT[[#This Row],[SISTEMA / PERFIL]],APOIO_EXPURGO_BUILD.UP[[Perfil de perdas]:[Build Up Preventia]],3,0))))) -> Corretivas | R41: =IF($Q41="","",(TAB_HISTORICO_MANUT[[#This Row],[Hora Final]]-TAB_HISTORICO_MANUT[[#This Row],[Hora Inicio]])*24) -> 3.1438889 | S41: =IF(TAB_HISTORICO_MANUT[[#This Row],[Tipo]]<>"Mãe","",IF(TAB_HISTORICO_MANUT[[#This Row],[AJUSTE - EXPURGO (S/N)]]<>"",TAB_HISTORICO_MANUT[[#This Row],[AJUSTE - EXPURGO (S/N)]],IF(TAB_HISTORICO_MANUT[[#This Row],[Descricao Despacho]]=LISTAS_APOIO!$I$5,"SIM",IF(ISERROR(VLOOKUP(TAB_HISTORICO_MANUT[[#This Row],[Descricao Manutencao]],EXPURGO_FILHAS[EXPURGO - FILHAS],1,0)),(_xlfn.XLOOKUP(TAB_HISTORICO_MANUT[[#This Row],[SISTEMA / PERFIL]],APOIO_EXPURGO_BUILD.UP[Perfil de perdas],APOIO_EXPURGO_BUILD.UP[Expurgo],"ADICIONAR CÓDIGO",0,1)),"SIM")))) -> NÃO | T41: =IF(AND(TAB_HISTORICO_MANUT[[#This Row],[EXPURGO Mãe]]="SIM",TAB_HISTORICO_MANUT[[#This Row],[Tipo]]="MÃE"),"EXP.MAE",IF(TAB_HISTORICO_MANUT[[#This Row],[EXPURGO Mãe]]="NÃO","NÃO EXP.MAE",T40)) -> NÃO EXP.MAE | U41: =IF(TAB_HISTORICO_MANUT[[#This Row],[CHECK. EXP. MÃE]]="EXP.MAE","NÃO",IF(TAB_HISTORICO_MANUT[[#This Row],[Tipo]]="Filha",IF(TAB_HISTORICO_MANUT[[#This Row],[AJUSTE - EXPURGO (S/N)]]="",(IF(ISERROR(VLOOKUP(TAB_HISTORICO_MANUT[[#This Row],[Descricao Manutencao]],EXPURGO_FILHAS[EXPURGO - FILHAS],1,0)),"NÃO","SIM")),TAB_HISTORICO_MANUT[[#This Row],[AJUSTE - EXPURGO (S/N)]]),"NÃO")) -> NÃO | V41: =IF(TAB_HISTORICO_MANUT[[#This Row],[EXPURGO Filhas]]="SIM",MAX(TAB_HISTORICO_MANUT[[#This Row],[Hora Final]]-TAB_HISTORICO_MANUT[[#This Row],[Hora Inicio]],0),0) -> 0 | W41: =IF(AND((TAB_HISTORICO_MANUT[[#This Row],[DURAÇÃO - PRODUTO MANUAL]]+TAB_HISTORICO_MANUT[[#This Row],[DURAÇÃO - CARTA MANUAL]])=0,OR(TAB_HISTORICO_MANUT[[#This Row],[PRODUTO]]="SIM",TAB_HISTORICO_MANUT[[#This Row],[CARTA]]="SIM")),TAB_HISTORICO_MANUT[[#This Row],[Duração Ocorrencia]],TAB_HISTORICO_MANUT[[#This Row],[DURAÇÃO - PRODUTO MANUAL]]+TAB_HISTORICO_MANUT[[#This Row],[DURAÇÃO - CARTA MANUAL]]) -> 0 | X41: =IF(AND(TAB_HISTORICO_MANUT[[#This Row],[COMPONENTE]]="SIM",TAB_HISTORICO_MANUT[[#This Row],[DURAÇÃO - COMP. MANUAL]]=""),TAB_HISTORICO_MANUT[[#This Row],[Duração Ocorrencia]],TAB_HISTORICO_MANUT[[#This Row],[DURAÇÃO - COMP. MANUAL]]) -> 0 | Y41: 46057.588 | Z41: 46057.719 | AA41: CA1014KS101 | AC41: 9000 | AD41: HMC - Hora de Manutenção Corretiva | AE41: HMC - EXEC MANUT | AF41: Mãe | AG41: =IF(TAB_HISTORICO_MANUT[[#This Row],[Hora Inicio]]="","",MONTH(TAB_HISTORICO_MANUT[[#This Row],[Hora Inicio]])) -> 2 | AH41: TM3- BAIXA PRESSÃO DO ÓLEO DO MOTOR- CORRIGIDO LINHA DE SINAL DO SENSOR DE PRESSÃO ATMOSFERICA | AI41: ELETRICO | AJ41: MOTOR DE COMBUSTAO | AK41: SENSOR DE PRESSAO ATM | AL41: MAU CONTATO | AM41: CORRIGIR
A42: =MONTH(TAB_HISTORICO_MANUT[[#This Row],[Hora Final]])-MONTH(TAB_HISTORICO_MANUT[[#This Row],[Hora Inicio]]) -> 0 | N42: =IF(TAB_HISTORICO_MANUT[[#This Row],[AJUSTE - OCORRENCIA (0 / 1)]]<>"",TAB_HISTORICO_MANUT[[#This Row],[AJUSTE - OCORRENCIA (0 / 1)]],IF(OR(TAB_HISTORICO_MANUT[[#This Row],[Tipo]]="Filha",TAB_HISTORICO_MANUT[[#This Row],[Tipo]]=""),"",IF(AND(TAB_HISTORICO_MANUT[[#This Row],[Hora Inicio]]=Z41,TAB_HISTORICO_MANUT[[#This Row],[Equipamento]]=AA41,TAB_HISTORICO_MANUT[[#This Row],[Descricao Despacho]]=AD41),0,1))) -> 1 | O42: =IF(TAB_HISTORICO_MANUT[[#This Row],[CONT. OCOR.]]="","",IF(TAB_HISTORICO_MANUT[[#This Row],[AJUSTE - SISTEMA]]<>"",TAB_HISTORICO_MANUT[[#This Row],[AJUSTE - SISTEMA]],IFERROR(VLOOKUP(TAB_HISTORICO_MANUT[[#This Row],[Sistema2]]&TAB_HISTORICO_MANUT[[#This Row],[Conjunto]],AJUSTE_PERFIL[#All],2,0),VLOOKUP(TAB_HISTORICO_MANUT[[#This Row],[Sistema2]],AJUSTE_PERFIL[],2,0)))) -> LOCOMOÇÃO | P42: =IF(TAB_HISTORICO_MANUT[[#This Row],[CONT. OCOR.]]="","",IF(TAB_HISTORICO_MANUT[[#This Row],[Ajuste - Cod. Despacho]]="",TAB_HISTORICO_MANUT[[#This Row],[Descricao Despacho]],TAB_HISTORICO_MANUT[[#This Row],[Ajuste - Cod. Despacho]])) -> MPNS - Hora Manutenção Preventiva não Sistemática | Q42: =IF(TAB_HISTORICO_MANUT[[#This Row],[CONT. OCOR.]]="","",IF(TAB_HISTORICO_MANUT[[#This Row],[AJUSTE - BUILD UP]]<>"",TAB_HISTORICO_MANUT[[#This Row],[AJUSTE - BUILD UP]],IF(TAB_HISTORICO_MANUT[[#This Row],[Descricao Despacho]]=LISTAS_APOIO!$I$5,LISTAS_APOIO!$B$3,IF(OR(TAB_HISTORICO_MANUT[[#This Row],[Descricao Despacho]]=LISTAS_APOIO!$I$3,TAB_HISTORICO_MANUT[[#This Row],[Descricao Despacho]]=LISTAS_APOIO!$I$5),VLOOKUP(TAB_HISTORICO_MANUT[[#This Row],[SISTEMA / PERFIL]],APOIO_EXPURGO_BUILD.UP[[Perfil de perdas]:[Build Up Preventia]],2,0),VLOOKUP(TAB_HISTORICO_MANUT[[#This Row],[SISTEMA / PERFIL]],APOIO_EXPURGO_BUILD.UP[[Perfil de perdas]:[Build Up Preventia]],3,0))))) -> Man. Pneus | R42: =IF($Q42="","",(TAB_HISTORICO_MANUT[[#This Row],[Hora Final]]-TAB_HISTORICO_MANUT[[#This Row],[Hora Inicio]])*24) -> 0.6575 | S42: =IF(TAB_HISTORICO_MANUT[[#This Row],[Tipo]]<>"Mãe","",IF(TAB_HISTORICO_MANUT[[#This Row],[AJUSTE - EXPURGO (S/N)]]<>"",TAB_HISTORICO_MANUT[[#This Row],[AJUSTE - EXPURGO (S/N)]],IF(TAB_HISTORICO_MANUT[[#This Row],[Descricao Despacho]]=LISTAS_APOIO!$I$5,"SIM",IF(ISERROR(VLOOKUP(TAB_HISTORICO_MANUT[[#This Row],[Descricao Manutencao]],EXPURGO_FILHAS[EXPURGO - FILHAS],1,0)),(_xlfn.XLOOKUP(TAB_HISTORICO_MANUT[[#This Row],[SISTEMA / PERFIL]],APOIO_EXPURGO_BUILD.UP[Perfil de perdas],APOIO_EXPURGO_BUILD.UP[Expurgo],"ADICIONAR CÓDIGO",0,1)),"SIM")))) -> NÃO | T42: =IF(AND(TAB_HISTORICO_MANUT[[#This Row],[EXPURGO Mãe]]="SIM",TAB_HISTORICO_MANUT[[#This Row],[Tipo]]="MÃE"),"EXP.MAE",IF(TAB_HISTORICO_MANUT[[#This Row],[EXPURGO Mãe]]="NÃO","NÃO EXP.MAE",T41)) -> NÃO EXP.MAE | U42: =IF(TAB_HISTORICO_MANUT[[#This Row],[CHECK. EXP. MÃE]]="EXP.MAE","NÃO",IF(TAB_HISTORICO_MANUT[[#This Row],[Tipo]]="Filha",IF(TAB_HISTORICO_MANUT[[#This Row],[AJUSTE - EXPURGO (S/N)]]="",(IF(ISERROR(VLOOKUP(TAB_HISTORICO_MANUT[[#This Row],[Descricao Manutencao]],EXPURGO_FILHAS[EXPURGO - FILHAS],1,0)),"NÃO","SIM")),TAB_HISTORICO_MANUT[[#This Row],[AJUSTE - EXPURGO (S/N)]]),"NÃO")) -> NÃO | V42: =IF(TAB_HISTORICO_MANUT[[#This Row],[EXPURGO Filhas]]="SIM",MAX(TAB_HISTORICO_MANUT[[#This Row],[Hora Final]]-TAB_HISTORICO_MANUT[[#This Row],[Hora Inicio]],0),0) -> 0 | W42: =IF(AND((TAB_HISTORICO_MANUT[[#This Row],[DURAÇÃO - PRODUTO MANUAL]]+TAB_HISTORICO_MANUT[[#This Row],[DURAÇÃO - CARTA MANUAL]])=0,OR(TAB_HISTORICO_MANUT[[#This Row],[PRODUTO]]="SIM",TAB_HISTORICO_MANUT[[#This Row],[CARTA]]="SIM")),TAB_HISTORICO_MANUT[[#This Row],[Duração Ocorrencia]],TAB_HISTORICO_MANUT[[#This Row],[DURAÇÃO - PRODUTO MANUAL]]+TAB_HISTORICO_MANUT[[#This Row],[DURAÇÃO - CARTA MANUAL]]) -> 0 | X42: =IF(AND(TAB_HISTORICO_MANUT[[#This Row],[COMPONENTE]]="SIM",TAB_HISTORICO_MANUT[[#This Row],[DURAÇÃO - COMP. MANUAL]]=""),TAB_HISTORICO_MANUT[[#This Row],[Duração Ocorrencia]],TAB_HISTORICO_MANUT[[#This Row],[DURAÇÃO - COMP. MANUAL]]) -> 0 | Y42: 46062.1 | Z42: 46062.128 | AA42: CA1014KS101 | AC42: 8010 | AD42: MPNS - Hora Manutenção Preventiva não Sistemática | AE42: MPNS - EXEC BORRACHARIA | AF42: Mãe | AG42: =IF(TAB_HISTORICO_MANUT[[#This Row],[Hora Inicio]]="","",MONTH(TAB_HISTORICO_MANUT[[#This Row],[Hora Inicio]])) -> 2 | AH42: MACHINE GEN Started a delay: MPNS - Exec borracharia | AI42: LOCOMOCAO
A43: =MONTH(TAB_HISTORICO_MANUT[[#This Row],[Hora Final]])-MONTH(TAB_HISTORICO_MANUT[[#This Row],[Hora Inicio]]) -> 0 | M43: SIM | N43: =IF(TAB_HISTORICO_MANUT[[#This Row],[AJUSTE - OCORRENCIA (0 / 1)]]<>"",TAB_HISTORICO_MANUT[[#This Row],[AJUSTE - OCORRENCIA (0 / 1)]],IF(OR(TAB_HISTORICO_MANUT[[#This Row],[Tipo]]="Filha",TAB_HISTORICO_MANUT[[#This Row],[Tipo]]=""),"",IF(AND(TAB_HISTORICO_MANUT[[#This Row],[Hora Inicio]]=Z42,TAB_HISTORICO_MANUT[[#This Row],[Equipamento]]=AA42,TAB_HISTORICO_MANUT[[#This Row],[Descricao Despacho]]=AD42),0,1))) | O43: =IF(TAB_HISTORICO_MANUT[[#This Row],[CONT. OCOR.]]="","",IF(TAB_HISTORICO_MANUT[[#This Row],[AJUSTE - SISTEMA]]<>"",TAB_HISTORICO_MANUT[[#This Row],[AJUSTE - SISTEMA]],IFERROR(VLOOKUP(TAB_HISTORICO_MANUT[[#This Row],[Sistema2]]&TAB_HISTORICO_MANUT[[#This Row],[Conjunto]],AJUSTE_PERFIL[#All],2,0),VLOOKUP(TAB_HISTORICO_MANUT[[#This Row],[Sistema2]],AJUSTE_PERFIL[],2,0)))) | P43: =IF(TAB_HISTORICO_MANUT[[#This Row],[CONT. OCOR.]]="","",IF(TAB_HISTORICO_MANUT[[#This Row],[Ajuste - Cod. Despacho]]="",TAB_HISTORICO_MANUT[[#This Row],[Descricao Despacho]],TAB_HISTORICO_MANUT[[#This Row],[Ajuste - Cod. Despacho]])) | Q43: =IF(TAB_HISTORICO_MANUT[[#This Row],[CONT. OCOR.]]="","",IF(TAB_HISTORICO_MANUT[[#This Row],[AJUSTE - BUILD UP]]<>"",TAB_HISTORICO_MANUT[[#This Row],[AJUSTE - BUILD UP]],IF(TAB_HISTORICO_MANUT[[#This Row],[Descricao Despacho]]=LISTAS_APOIO!$I$5,LISTAS_APOIO!$B$3,IF(OR(TAB_HISTORICO_MANUT[[#This Row],[Descricao Despacho]]=LISTAS_APOIO!$I$3,TAB_HISTORICO_MANUT[[#This Row],[Descricao Despacho]]=LISTAS_APOIO!$I$5),VLOOKUP(TAB_HISTORICO_MANUT[[#This Row],[SISTEMA / PERFIL]],APOIO_EXPURGO_BUILD.UP[[Perfil de perdas]:[Build Up Preventia]],2,0),VLOOKUP(TAB_HISTORICO_MANUT[[#This Row],[SISTEMA / PERFIL]],APOIO_EXPURGO_BUILD.UP[[Perfil de perdas]:[Build Up Preventia]],3,0))))) | R43: =IF($Q43="","",(TAB_HISTORICO_MANUT[[#This Row],[Hora Final]]-TAB_HISTORICO_MANUT[[#This Row],[Hora Inicio]])*24) | S43: =IF(TAB_HISTORICO_MANUT[[#This Row],[Tipo]]<>"Mãe","",IF(TAB_HISTORICO_MANUT[[#This Row],[AJUSTE - EXPURGO (S/N)]]<>"",TAB_HISTORICO_MANUT[[#This Row],[AJUSTE - EXPURGO (S/N)]],IF(TAB_HISTORICO_MANUT[[#This Row],[Descricao Despacho]]=LISTAS_APOIO!$I$5,"SIM",IF(ISERROR(VLOOKUP(TAB_HISTORICO_MANUT[[#This Row],[Descricao Manutencao]],EXPURGO_FILHAS[EXPURGO - FILHAS],1,0)),(_xlfn.XLOOKUP(TAB_HISTORICO_MANUT[[#This Row],[SISTEMA / PERFIL]],APOIO_EXPURGO_BUILD.UP[Perfil de perdas],APOIO_EXPURGO_BUILD.UP[Expurgo],"ADICIONAR CÓDIGO",0,1)),"SIM")))) | T43: =IF(AND(TAB_HISTORICO_MANUT[[#This Row],[EXPURGO Mãe]]="SIM",TAB_HISTORICO_MANUT[[#This Row],[Tipo]]="MÃE"),"EXP.MAE",IF(TAB_HISTORICO_MANUT[[#This Row],[EXPURGO Mãe]]="NÃO","NÃO EXP.MAE",T42)) -> NÃO EXP.MAE | U43: =IF(TAB_HISTORICO_MANUT[[#This Row],[CHECK. EXP. MÃE]]="EXP.MAE","NÃO",IF(TAB_HISTORICO_MANUT[[#This Row],[Tipo]]="Filha",IF(TAB_HISTORICO_MANUT[[#This Row],[AJUSTE - EXPURGO (S/N)]]="",(IF(ISERROR(VLOOKUP(TAB_HISTORICO_MANUT[[#This Row],[Descricao Manutencao]],EXPURGO_FILHAS[EXPURGO - FILHAS],1,0)),"NÃO","SIM")),TAB_HISTORICO_MANUT[[#This Row],[AJUSTE - EXPURGO (S/N)]]),"NÃO")) -> SIM | V43: =IF(TAB_HISTORICO_MANUT[[#This Row],[EXPURGO Filhas]]="SIM",MAX(TAB_HISTORICO_MANUT[[#This Row],[Hora Final]]-TAB_HISTORICO_MANUT[[#This Row],[Hora Inicio]],0),0) -> 0.013314359 | W43: =IF(AND((TAB_HISTORICO_MANUT[[#This Row],[DURAÇÃO - PRODUTO MANUAL]]+TAB_HISTORICO_MANUT[[#This Row],[DURAÇÃO - CARTA MANUAL]])=0,OR(TAB_HISTORICO_MANUT[[#This Row],[PRODUTO]]="SIM",TAB_HISTORICO_MANUT[[#This Row],[CARTA]]="SIM")),TAB_HISTORICO_MANUT[[#This Row],[Duração Ocorrencia]],TAB_HISTORICO_MANUT[[#This Row],[DURAÇÃO - PRODUTO MANUAL]]+TAB_HISTORICO_MANUT[[#This Row],[DURAÇÃO - CARTA MANUAL]]) -> 0 | X43: =IF(AND(TAB_HISTORICO_MANUT[[#This Row],[COMPONENTE]]="SIM",TAB_HISTORICO_MANUT[[#This Row],[DURAÇÃO - COMP. MANUAL]]=""),TAB_HISTORICO_MANUT[[#This Row],[Duração Ocorrencia]],TAB_HISTORICO_MANUT[[#This Row],[DURAÇÃO - COMP. MANUAL]]) -> 0 | Y43: 46062.115 | Z43: 46062.128 | AA43: CA1014KS101 | AC43: 8010 | AD43: MPNS - Hora Manutenção Preventiva não Sistemática | AE43: MPNS - EXEC BORRACHARIA | AF43: Filha | AG43: =IF(TAB_HISTORICO_MANUT[[#This Row],[Hora Inicio]]="","",MONTH(TAB_HISTORICO_MANUT[[#This Row],[Hora Inicio]])) -> 2 | AH43: MACHINE GEN Started a delay: MPNS - Exec borracharia | AI43: LOCOMOCAO
A44: =MONTH(TAB_HISTORICO_MANUT[[#This Row],[Hora Final]])-MONTH(TAB_HISTORICO_MANUT[[#This Row],[Hora Inicio]]) -> 0 | N44: =IF(TAB_HISTORICO_MANUT[[#This Row],[AJUSTE - OCORRENCIA (0 / 1)]]<>"",TAB_HISTORICO_MANUT[[#This Row],[AJUSTE - OCORRENCIA (0 / 1)]],IF(OR(TAB_HISTORICO_MANUT[[#This Row],[Tipo]]="Filha",TAB_HISTORICO_MANUT[[#This Row],[Tipo]]=""),"",IF(AND(TAB_HISTORICO_MANUT[[#This Row],[Hora Inicio]]=Z43,TAB_HISTORICO_MANUT[[#This Row],[Equipamento]]=AA43,TAB_HISTORICO_MANUT[[#This Row],[Descricao Despacho]]=AD43),0,1))) -> 1 | O44: =IF(TAB_HISTORICO_MANUT[[#This Row],[CONT. OCOR.]]="","",IF(TAB_HISTORICO_MANUT[[#This Row],[AJUSTE - SISTEMA]]<>"",TAB_HISTORICO_MANUT[[#This Row],[AJUSTE - SISTEMA]],IFERROR(VLOOKUP(TAB_HISTORICO_MANUT[[#This Row],[Sistema2]]&TAB_HISTORICO_MANUT[[#This Row],[Conjunto]],AJUSTE_PERFIL[#All],2,0),VLOOKUP(TAB_HISTORICO_MANUT[[#This Row],[Sistema2]],AJUSTE_PERFIL[],2,0)))) -> SISTEMA DE FREIO | P44: =IF(TAB_HISTORICO_MANUT[[#This Row],[CONT. OCOR.]]="","",IF(TAB_HISTORICO_MANUT[[#This Row],[Ajuste - Cod. Despacho]]="",TAB_HISTORICO_MANUT[[#This Row],[Descricao Despacho]],TAB_HISTORICO_MANUT[[#This Row],[Ajuste - Cod. Despacho]])) -> HMC - Hora de Manutenção Corretiva | Q44: =IF(TAB_HISTORICO_MANUT[[#This Row],[CONT. OCOR.]]="","",IF(TAB_HISTORICO_MANUT[[#This Row],[AJUSTE - BUILD UP]]<>"",TAB_HISTORICO_MANUT[[#This Row],[AJUSTE - BUILD UP]],IF(TAB_HISTORICO_MANUT[[#This Row],[Descricao Despacho]]=LISTAS_APOIO!$I$5,LISTAS_APOIO!$B$3,IF(OR(TAB_HISTORICO_MANUT[[#This Row],[Descricao Despacho]]=LISTAS_APOIO!$I$3,TAB_HISTORICO_MANUT[[#This Row],[Descricao Despacho]]=LISTAS_APOIO!$I$5),VLOOKUP(TAB_HISTORICO_MANUT[[#This Row],[SISTEMA / PERFIL]],APOIO_EXPURGO_BUILD.UP[[Perfil de perdas]:[Build Up Preventia]],2,0),VLOOKUP(TAB_HISTORICO_MANUT[[#This Row],[SISTEMA / PERFIL]],APOIO_EXPURGO_BUILD.UP[[Perfil de perdas]:[Build Up Preventia]],3,0))))) -> Corretivas | R44: =IF($Q44="","",(TAB_HISTORICO_MANUT[[#This Row],[Hora Final]]-TAB_HISTORICO_MANUT[[#This Row],[Hora Inicio]])*24) -> 3.1463889 | S44: =IF(TAB_HISTORICO_MANUT[[#This Row],[Tipo]]<>"Mãe","",IF(TAB_HISTORICO_MANUT[[#This Row],[AJUSTE - EXPURGO (S/N)]]<>"",TAB_HISTORICO_MANUT[[#This Row],[AJUSTE - EXPURGO (S/N)]],IF(TAB_HISTORICO_MANUT[[#This Row],[Descricao Despacho]]=LISTAS_APOIO!$I$5,"SIM",IF(ISERROR(VLOOKUP(TAB_HISTORICO_MANUT[[#This Row],[Descricao Manutencao]],EXPURGO_FILHAS[EXPURGO - FILHAS],1,0)),(_xlfn.XLOOKUP(TAB_HISTORICO_MANUT[[#This Row],[SISTEMA / PERFIL]],APOIO_EXPURGO_BUILD.UP[Perfil de perdas],APOIO_EXPURGO_BUILD.UP[Expurgo],"ADICIONAR CÓDIGO",0,1)),"SIM")))) -> NÃO | T44: =IF(AND(TAB_HISTORICO_MANUT[[#This Row],[EXPURGO Mãe]]="SIM",TAB_HISTORICO_MANUT[[#This Row],[Tipo]]="MÃE"),"EXP.MAE",IF(TAB_HISTORICO_MANUT[[#This Row],[EXPURGO Mãe]]="NÃO","NÃO EXP.MAE",T43)) -> NÃO EXP.MAE | U44: =IF(TAB_HISTORICO_MANUT[[#This Row],[CHECK. EXP. MÃE]]="EXP.MAE","NÃO",IF(TAB_HISTORICO_MANUT[[#This Row],[Tipo]]="Filha",IF(TAB_HISTORICO_MANUT[[#This Row],[AJUSTE - EXPURGO (S/N)]]="",(IF(ISERROR(VLOOKUP(TAB_HISTORICO_MANUT[[#This Row],[Descricao Manutencao]],EXPURGO_FILHAS[EXPURGO - FILHAS],1,0)),"NÃO","SIM")),TAB_HISTORICO_MANUT[[#This Row],[AJUSTE - EXPURGO (S/N)]]),"NÃO")) -> NÃO | V44: =IF(TAB_HISTORICO_MANUT[[#This Row],[EXPURGO Filhas]]="SIM",MAX(TAB_HISTORICO_MANUT[[#This Row],[Hora Final]]-TAB_HISTORICO_MANUT[[#This Row],[Hora Inicio]],0),0) -> 0 | W44: =IF(AND((TAB_HISTORICO_MANUT[[#This Row],[DURAÇÃO - PRODUTO MANUAL]]+TAB_HISTORICO_MANUT[[#This Row],[DURAÇÃO - CARTA MANUAL]])=0,OR(TAB_HISTORICO_MANUT[[#This Row],[PRODUTO]]="SIM",TAB_HISTORICO_MANUT[[#This Row],[CARTA]]="SIM")),TAB_HISTORICO_MANUT[[#This Row],[Duração Ocorrencia]],TAB_HISTORICO_MANUT[[#This Row],[DURAÇÃO - PRODUTO MANUAL]]+TAB_HISTORICO_MANUT[[#This Row],[DURAÇÃO - CARTA MANUAL]]) -> 0 | X44: =IF(AND(TAB_HISTORICO_MANUT[[#This Row],[COMPONENTE]]="SIM",TAB_HISTORICO_MANUT[[#This Row],[DURAÇÃO - COMP. MANUAL]]=""),TAB_HISTORICO_MANUT[[#This Row],[Duração Ocorrencia]],TAB_HISTORICO_MANUT[[#This Row],[DURAÇÃO - COMP. MANUAL]]) -> 0 | Y44: 46062.414 | Z44: 46062.545 | AA44: CA1014KS101 | AB44: 000000000000 | AC44: 9000 | AD44: HMC - Hora de Manutenção Corretiva | AE44: HMC - EXEC MANUT | AF44: Mãe | AG44: =IF(TAB_HISTORICO_MANUT[[#This Row],[Hora Inicio]]="","",MONTH(TAB_HISTORICO_MANUT[[#This Row],[Hora Inicio]])) -> 2 | AH44: FALHA NO ACUMULADOR DO FREIO.- NÃO ENCONTRADO FALHA | AI44: FRENAGEM | AJ44: ACUMULADOR | AK44: ACUMULADOR | AL44: NAO IDENTIFICADO
A45: =MONTH(TAB_HISTORICO_MANUT[[#This Row],[Hora Final]])-MONTH(TAB_HISTORICO_MANUT[[#This Row],[Hora Inicio]]) -> 0 | N45: =IF(TAB_HISTORICO_MANUT[[#This Row],[AJUSTE - OCORRENCIA (0 / 1)]]<>"",TAB_HISTORICO_MANUT[[#This Row],[AJUSTE - OCORRENCIA (0 / 1)]],IF(OR(TAB_HISTORICO_MANUT[[#This Row],[Tipo]]="Filha",TAB_HISTORICO_MANUT[[#This Row],[Tipo]]=""),"",IF(AND(TAB_HISTORICO_MANUT[[#This Row],[Hora Inicio]]=Z44,TAB_HISTORICO_MANUT[[#This Row],[Equipamento]]=AA44,TAB_HISTORICO_MANUT[[#This Row],[Descricao Despacho]]=AD44),0,1))) -> 1 | O45: =IF(TAB_HISTORICO_MANUT[[#This Row],[CONT. OCOR.]]="","",IF(TAB_HISTORICO_MANUT[[#This Row],[AJUSTE - SISTEMA]]<>"",TAB_HISTORICO_MANUT[[#This Row],[AJUSTE - SISTEMA]],IFERROR(VLOOKUP(TAB_HISTORICO_MANUT[[#This Row],[Sistema2]]&TAB_HISTORICO_MANUT[[#This Row],[Conjunto]],AJUSTE_PERFIL[#All],2,0),VLOOKUP(TAB_HISTORICO_MANUT[[#This Row],[Sistema2]],AJUSTE_PERFIL[],2,0)))) -> MOTOR DE COMBUSTÃO | P45: =IF(TAB_HISTORICO_MANUT[[#This Row],[CONT. OCOR.]]="","",IF(TAB_HISTORICO_MANUT[[#This Row],[Ajuste - Cod. Despacho]]="",TAB_HISTORICO_MANUT[[#This Row],[Descricao Despacho]],TAB_HISTORICO_MANUT[[#This Row],[Ajuste - Cod. Despacho]])) -> HMC - Hora de Manutenção Corretiva | Q45: =IF(TAB_HISTORICO_MANUT[[#This Row],[CONT. OCOR.]]="","",IF(TAB_HISTORICO_MANUT[[#This Row],[AJUSTE - BUILD UP]]<>"",TAB_HISTORICO_MANUT[[#This Row],[AJUSTE - BUILD UP]],IF(TAB_HISTORICO_MANUT[[#This Row],[Descricao Despacho]]=LISTAS_APOIO!$I$5,LISTAS_APOIO!$B$3,IF(OR(TAB_HISTORICO_MANUT[[#This Row],[Descricao Despacho]]=LISTAS_APOIO!$I$3,TAB_HISTORICO_MANUT[[#This Row],[Descricao Despacho]]=LISTAS_APOIO!$I$5),VLOOKUP(TAB_HISTORICO_MANUT[[#This Row],[SISTEMA / PERFIL]],APOIO_EXPURGO_BUILD.UP[[Perfil de perdas]:[Build Up Preventia]],2,0),VLOOKUP(TAB_HISTORICO_MANUT[[#This Row],[SISTEMA / PERFIL]],APOIO_EXPURGO_BUILD.UP[[Perfil de perdas]:[Build Up Preventia]],3,0))))) -> Corretivas | R45: =IF($Q45="","",(TAB_HISTORICO_MANUT[[#This Row],[Hora Final]]-TAB_HISTORICO_MANUT[[#This Row],[Hora Inicio]])*24) -> 2.1661111 | S45: =IF(TAB_HISTORICO_MANUT[[#This Row],[Tipo]]<>"Mãe","",IF(TAB_HISTORICO_MANUT[[#This Row],[AJUSTE - EXPURGO (S/N)]]<>"",TAB_HISTORICO_MANUT[[#This Row],[AJUSTE - EXPURGO (S/N)]],IF(TAB_HISTORICO_MANUT[[#This Row],[Descricao Despacho]]=LISTAS_APOIO!$I$5,"SIM",IF(ISERROR(VLOOKUP(TAB_HISTORICO_MANUT[[#This Row],[Descricao Manutencao]],EXPURGO_FILHAS[EXPURGO - FILHAS],1,0)),(_xlfn.XLOOKUP(TAB_HISTORICO_MANUT[[#This Row],[SISTEMA / PERFIL]],APOIO_EXPURGO_BUILD.UP[Perfil de perdas],APOIO_EXPURGO_BUILD.UP[Expurgo],"ADICIONAR CÓDIGO",0,1)),"SIM")))) -> NÃO | T45: =IF(AND(TAB_HISTORICO_MANUT[[#This Row],[EXPURGO Mãe]]="SIM",TAB_HISTORICO_MANUT[[#This Row],[Tipo]]="MÃE"),"EXP.MAE",IF(TAB_HISTORICO_MANUT[[#This Row],[EXPURGO Mãe]]="NÃO","NÃO EXP.MAE",T44)) -> NÃO EXP.MAE | U45: =IF(TAB_HISTORICO_MANUT[[#This Row],[CHECK. EXP. MÃE]]="EXP.MAE","NÃO",IF(TAB_HISTORICO_MANUT[[#This Row],[Tipo]]="Filha",IF(TAB_HISTORICO_MANUT[[#This Row],[AJUSTE - EXPURGO (S/N)]]="",(IF(ISERROR(VLOOKUP(TAB_HISTORICO_MANUT[[#This Row],[Descricao Manutencao]],EXPURGO_FILHAS[EXPURGO - FILHAS],1,0)),"NÃO","SIM")),TAB_HISTORICO_MANUT[[#This Row],[AJUSTE - EXPURGO (S/N)]]),"NÃO")) -> NÃO | V45: =IF(TAB_HISTORICO_MANUT[[#This Row],[EXPURGO Filhas]]="SIM",MAX(TAB_HISTORICO_MANUT[[#This Row],[Hora Final]]-TAB_HISTORICO_MANUT[[#This Row],[Hora Inicio]],0),0) -> 0 | W45: =IF(AND((TAB_HISTORICO_MANUT[[#This Row],[DURAÇÃO - PRODUTO MANUAL]]+TAB_HISTORICO_MANUT[[#This Row],[DURAÇÃO - CARTA MANUAL]])=0,OR(TAB_HISTORICO_MANUT[[#This Row],[PRODUTO]]="SIM",TAB_HISTORICO_MANUT[[#This Row],[CARTA]]="SIM")),TAB_HISTORICO_MANUT[[#This Row],[Duração Ocorrencia]],TAB_HISTORICO_MANUT[[#This Row],[DURAÇÃO - PRODUTO MANUAL]]+TAB_HISTORICO_MANUT[[#This Row],[DURAÇÃO - CARTA MANUAL]]) -> 0 | X45: =IF(AND(TAB_HISTORICO_MANUT[[#This Row],[COMPONENTE]]="SIM",TAB_HISTORICO_MANUT[[#This Row],[DURAÇÃO - COMP. MANUAL]]=""),TAB_HISTORICO_MANUT[[#This Row],[Duração Ocorrencia]],TAB_HISTORICO_MANUT[[#This Row],[DURAÇÃO - COMP. MANUAL]]) -> 0 | Y45: 46063.333 | Z45: 46063.424 | AA45: CA1014KS101 | AB45: 202600754418 | AC45: 9000 | AD45: HMC - Hora de Manutenção Corretiva | AE45: HMC - EXEC MANUT | AF45: Mãe | AG45: =IF(TAB_HISTORICO_MANUT[[#This Row],[Hora Inicio]]="","",MONTH(TAB_HISTORICO_MANUT[[#This Row],[Hora Inicio]])) -> 2 | AH45: VAZAMENTO DE LC - SUBSTITUIDO TUBO DO LIQUIDO ARREFECEDOR E COMPLETADO NIVEL 202600754418 | AI45: MOTOR DE COMBUSTAO | AJ45: ARREFECIMENTO | AK45: TUBO DO TRC | AL45: FIXACAO | AM45: FIXAR
